"production","weeks","nominations","wins","year","type"
"110-in-the-shade-423558",16,5,0,"2007","Musical"
"1776-4754",46,3,0,"1998","Musical"
"1984-513416",21,1,0,"2018","Play"
"33-variations-482128",15,5,1,"2009","Play"
"42nd-street-12864",196,8,2,"2001","Musical"
"42nd-street-3963",438,8,2,"1981","Musical"
"700-sundays-383054",29,1,1,"2005","Play"
"a-beautiful-noise-the-neil-diamond-musical-534723",51,2,0,"2023","Musical"
"a-behanding-in-spokane-485319",16,1,0,"2010","Play"
"a-bronx-tale-the-musical-508538",91,1,0,"2017","Musical"
"a-catered-affair-466360",18,3,0,"2008","Musical"
"a-change-in-the-heir-4563",5,0,0,"1990","Musical"
"a-chorus-line-402597",98,2,0,"2007","Musical"
"a-class-act-12818",17,5,0,"2001","Musical"
"a-day-in-hollywood--a-night-in-the-ukraine-3950",69,9,2,"1980","Musical"
"a-day-in-the-death-of-joe-egg-13455",48,4,0,"2003","Play"
"a-day-in-the-death-of-joe-egg-4365",52,4,2,"1985","Play"
"a-delicate-balance-4676",27,6,3,"1996","Play"
"a-dolls-house-4742",23,4,4,"1997","Play"
"a-dolls-house-535893",17,6,0,"2023","Play"
"a-dolls-house-part-2-510743",26,7,1,"2017","Play"
"a-few-good-men-4255",65,1,0,"1990","Play"
"a-funny-thing-happened-on-the-way-to-the-forum-4675",94,4,1,"1996","Musical"
"a-little-night-music-485016",56,4,1,"2010","Musical"
"a-midsummer-nights-dream-4272",10,2,0,"1996","Play"
"a-month-in-the-country-4295",10,1,0,"1995","Play"
"a-moon-for-the-misbegotten-12486",17,4,1,"2000","Play"
"a-moon-for-the-misbegotten-4466",9,4,0,"1984","Play"
"a-moon-for-the-misbegotten-453966",11,1,0,"2007","Play"
"a-raisin-in-the-sun-13596",15,4,2,"2004","Play"
"a-raisin-in-the-sun-495163",15,5,3,"2014","Play"
"a-small-family-business-4685",10,1,0,"1992","Play"
"a-strange-loop-533382",40,11,2,"2022","Musical"
"a-streetcar-named-desire-381031",15,3,0,"2005","Play"
"a-streetcar-named-desire-4496",14,2,0,"1988","Play"
"a-streetcar-named-desire-4677",21,1,0,"1992","Play"
"a-streetcar-named-desire-491729",16,1,0,"2012","Play"
"a-view-from-the-bridge-4205",20,2,0,"1983","Play"
"a-view-from-the-bridge-5146",35,4,2,"1998","Play"
"a-walk-in-the-woods-4495",20,2,0,"1988","Play"
"a-woman-of-independent-means-4336",4,0,0,"1985","Play"
"a-year-with-frog-and-toad-13478",11,3,0,"2003","Musical"
"accent-on-youth-480514",12,0,0,"2009","Play"
"accomplice-4562",10,1,1,"1990","Play"
"act-one-494913",13,5,1,"2014","Play"
"after-midnight-494959",37,7,1,"2014","Musical"
"after-the-night-and-the-music-383009",10,0,0,"2006","Play"
"agnes-of-god-4166",77,2,1,"1982","Play"
"ah-wilderness-4512",7,1,0,"1989","Play"
"ah-wilderness-4870",11,2,0,"1998","Play"
"aida-12485",237,5,4,"2000","Musical"
"aint-broadway-grand-4713",7,1,0,"1993","Musical"
"aint-too-proud-520004",67,11,1,"2019","Musical"
"airline-highway-497979",10,4,0,"2015","Play"
"aladdin-495244",421,5,1,"2014","Musical"
"all-my-sons-4456",5,3,1,"1987","Play"
"all-my-sons-519850",13,3,0,"2019","Play"
"all-shook-up-383114",32,1,0,"2005","Musical"
"alls-well-that-ends-well-4217",7,7,0,"1983","Play"
"amadeus-10706",23,2,0,"2000","Play"
"amadeus-4083",149,7,5,"1981","Play"
"american-buffalo-525177",16,4,0,"2022","Play"
"american-idiot-485578",57,3,2,"2010","Musical"
"american-psycho-503809",11,2,0,"2016","Musical"
"amys-view-7302",16,2,1,"1999","Play"
"an-act-of-god-499263",13,1,0,"2016","Play"
"an-act-of-god-506458",15,0,0,"2017","Play"
"an-american-daughter-4744",15,1,1,"1997","Play"
"an-american-in-paris-497695",83,11,4,"2015","Musical"
"an-ideal-husband-4793",40,3,0,"1996","Play"
"an-inspector-calls-4605",59,5,4,"1994","Play"
"anastasia-508711",106,2,0,"2017","Musical"
"angels-in-america-millennium-approaches-4569",85,8,4,"1993","Play"
"angels-in-america-millennium-approaches-515873",21,10,3,"2018","Play"
"ann-493484",19,1,0,"2013","Play"
"annie-4740",32,1,0,"1997","Musical"
"annie-492932",66,1,0,"2013","Musical"
"annie-get-your-gun-6287",135,3,2,"1999","Musical"
"anything-goes-4483",104,10,3,"1988","Musical"
"anything-goes-488371",70,9,3,"2011","Musical"
"arcadia-4291",26,3,0,"1995","Play"
"arcadia-489559",17,2,0,"2011","Play"
"arent-we-all-4371",14,2,0,"1985","Play"
"arms-and-the-man-4374",17,0,0,"1986","Play"
"art-4847",78,3,1,"1998","Play"
"as-is-4372",37,3,0,"1985","Play"
"as-long-as-we-both-shall-laugh-13489",14,0,0,"2003","Special"
"asinamali-4467",5,1,0,"1987","Play"
"aspects-of-love-4559",50,6,0,"1990","Musical"
"assassins-13580",16,7,5,"2004","Musical"
"august-osage-county-467754",84,7,5,"2008","Play"
"avenue-q-13502",321,6,3,"2004","Musical"
"awake-and-sing-407155",14,7,2,"2006","Play"
"baby-4242",34,7,0,"1984","Musical"
"baby-its-you-489611",24,1,0,"2011","Musical"
"bad-cinderella-535361",16,0,0,"2023","Musical"
"bandstand-511287",25,2,1,"2017","Musical"
"barefoot-in-the-park-398479",17,0,0,"2006","Play"
"barnum-3949",102,10,3,"1980","Musical"
"barrymore-4739",34,1,1,"1997","Play"
"be-more-chill-519720",26,1,0,"2019","Musical"
"beautiful-the-carole-king-musical-495178",310,7,2,"2014","Musical"
"beauty-and-the-beast-4602",690,9,1,"1994","Musical"
"beethovens-tenth-4463",5,0,0,"1984","Play"
"beetlejuice-519779",50,8,0,"2019","Musical"
"beetlejuice-532410",40,0,0,"2022","Musical"
"bells-are-ringing-12824",13,2,0,"2001","Musical"
"benefactors-4392",29,2,0,"1986","Play"
"bengal-tiger-at-the-baghdad-zoo-489285",17,3,0,"2011","Play"
"bent-3823",4,2,0,"1980","Play"
"beyond-therapy-4173",4,1,0,"1983","Play"
"big-4790",27,5,0,"1996","Musical"
"big-deal-4406",10,5,1,"1986","Musical"
"big-river-4370",129,9,7,"1985","Musical"
"bill-maher-victory-begins-at-home-13456",3,1,0,"2003","Special"
"billy-bishop-goes-to-war-3957",1,0,0,"1981","Play"
"billy-elliot-the-musical-475107",171,14,10,"2009","Musical"
"biloxi-blues-4366",67,3,3,"1985","Play"
"birthday-candles-522966",11,1,1,"2022","Play"
"black-and-blue-4528",108,9,3,"1989","Musical"
"blackbird-502795",19,3,0,"2016","Play"
"blackstone-3955",11,1,0,"1981","Special"
"blast-12839",25,2,1,"2001","Special"
"blithe-spirit-4447",16,1,0,"1987","Play"
"blithe-spirit-482340",21,2,1,"2009","Play"
"blood-brothers-4716",107,6,0,"1993","Musical"
"blues-in-the-night-4860",7,1,0,"1983","Musical"
"boeing-boeing-477454",38,6,2,"2008","Play"
"bombay-dreams-13541",40,3,0,"2004","Musical"
"born-yesterday-4529",21,1,0,"1989","Play"
"born-yesterday-489630",13,2,0,"2011","Play"
"bridge-tunnel-408650",30,1,1,"2006","Play"
"bright-star-503623",18,5,0,"2016","Musical"
"brighton-beach-memoirs-4212",164,4,2,"1983","Play"
"bring-in-da-noise-bring-in-da-funk-4789",144,9,4,"1996","Musical"
"broadway-bound-4434",96,4,2,"1987","Play"
"broken-glass-4604",11,1,0,"1994","Play"
"brooklyn-383057",40,0,0,"2005","Musical"
"buddy-4619",30,1,0,"1991","Musical"
"buried-child-4792",11,5,0,"1996","Play"
"burn-this-4480",56,2,1,"1988","Play"
"burn-this-520708",18,3,0,"2019","Play"
"buttons-on-broadway-4301",6,0,0,"1996","Special"
"cabaret-4484",35,3,0,"1988","Musical"
"cabaret-4848",304,10,4,"1998","Musical"
"cabaret-495251",54,2,0,"2014","Musical"
"camelot-534339",20,5,0,"2023","Musical"
"can-can-4113",3,3,0,"1981","Musical"
"candida-4709",9,1,0,"1993","Play"
"candide-4751",15,4,1,"1997","Musical"
"caroline-or-change-11975",20,6,1,"2004","Musical"
"carousel-4598",48,5,5,"1994","Musical"
"carousel-515791",29,11,2,"2018","Musical"
"carrie-4508",3,1,1,"1988","Musical"
"casa-valentina-495296",13,4,0,"2014","Play"
"cat-on-a-hot-tin-roof-4556",21,3,1,"1990","Play"
"cat-on-a-hot-tin-roof-474986",19,0,0,"2008","Play"
"catch-me-if-you-can-488876",26,4,1,"2011","Musical"
"cats-4186",938,10,7,"1983","Musical"
"cats-504579",77,1,0,"2017","Musical"
"catskills-on-broadway-4652",59,0,0,"1992","Special"
"charlie-and-the-chocolate-factory-509567",42,1,1,"2017","Musical"
"chess-4504",11,2,0,"1988","Musical"
"chicago-4804",1328,8,6,"1997","Musical"
"children-of-a-lesser-god-3694",102,4,3,"1980","Play"
"children-of-a-lesser-god-515596",10,1,0,"2018","Play"
"chinese-coffee-4689",10,0,0,"1993","Play"
"chitty-chitty-bang-bang-382080",41,5,0,"2005","Musical"
"chronicle-of-a-death-foretold-4302",9,3,0,"1996","Musical"
"chu-chem-4539",9,0,0,"1989","Musical"
"cirque-du-soleil-paramour-502326",53,0,0,"2017","Musical"
"city-of-angels-4261",113,11,6,"1990","Musical"
"closer-7294",24,1,0,"1999","Play"
"clybourne-park-491759",23,4,1,"2012","Play"
"coastal-disturbances-4442",47,3,0,"1987","Play"
"collected-stories-483662",10,1,0,"2010","Play"
"come-fly-away-485560",27,2,0,"2010","Musical"
"come-from-away-510272",214,7,1,"2017","Musical"
"company-423555",35,3,1,"2007","Musical"
"company-524001",38,9,5,"2022","Musical"
"contact-12487",131,7,4,"2000","Musical"
"conversations-with-my-father-4669",54,3,1,"1992","Play"
"copenhagen-12519",44,3,3,"2000","Play"
"coram-boy-456224",6,5,0,"2007","Play"
"crazy-for-you-4662",206,9,3,"1992","Musical"
"crimes-of-the-heart-4138",69,3,0,"1982","Play"
"cry-baby-476233",15,4,0,"2008","Musical"
"curtains-453332",68,8,1,"2007","Musical"
"dame-edna-back-with-a-vengeance-384260",26,1,0,"2005","Special"
"dame-edna-the-royal-tour-9683",42,1,1,"2000","Special"
"damn-yankees-4595",69,4,1,"1994","Musical"
"dance-a-little-closer-4227",5,0,0,"1984","Musical"
"dancin-535808",11,1,0,"2023","Musical"
"dancing-at-lughnasa-4647",55,7,3,"1992","Play"
"dear-evan-hansen-508238",213,9,6,"2017","Musical"
"death-and-the-maiden-4665",24,1,1,"1992","Play"
"death-of-a-salesman-491286",16,7,2,"2012","Play"
"death-of-a-salesman-6286",40,5,4,"1999","Play"
"design-for-living-12823",13,0,0,"2001","Play"
"design-for-living-4340",34,1,0,"1985","Play"
"desire-under-the-elms-483543",6,2,0,"2009","Play"
"deuce-452999",19,1,0,"2007","Play"
"dirty-blonde-12573",47,4,0,"2000","Play"
"dirty-rotten-scoundrels-383315",83,11,1,"2005","Musical"
"disaster-503579",13,1,0,"2016","Musical"
"do-black-patent-leather-shoes-really-reflect-up-4174",3,0,0,"1983","Musical"
"doctor-zhivago-498431",7,0,0,"2015","Musical"
"dont-dress-for-dinner-491120",12,2,0,"2012","Play"
"doubles-4373",36,0,0,"1986","Play"
"doubt-392488",69,8,4,"2005","Play"
"dream-4743",17,1,0,"1997","Musical"
"dreamgirls-4152",192,13,6,"1982","Musical"
"eclipsed-503176",17,5,1,"2016","Play"
"elaine-stritch-at-liberty-13309",16,1,1,"2002","Special"
"eminent-domain-4165",10,0,0,"1982","Play"
"enchanted-april-13487",21,2,0,"2003","Play"
"end-of-the-rainbow-491212",22,3,0,"2012","Play"
"end-of-the-world-4337",6,3,0,"1984","Play"
"enron-485537",5,4,0,"2010","Play"
"escape-to-margaritaville-515030",20,0,0,"2018","Musical"
"everyday-rapture-487670",12,2,0,"2010","Musical"
"evita-3809",160,11,7,"1980","Musical"
"evita-491036",46,3,0,"2012","Musical"
"exit-the-king-482525",15,4,1,"2009","Play"
"faith-healer-412515",17,4,1,"2006","Play"
"falsettos-4686",64,7,2,"1992","Musical"
"fat-ham-535958",15,5,0,"2023","Play"
"fela-484350",63,11,3,"2010","Musical"
"fences-4446",67,5,4,"1987","Play"
"fences-485594",13,10,3,"2010","Play"
"festen-402871",9,0,0,"2006","Play"
"fiddler-on-the-roof-13483",103,6,0,"2004","Musical"
"fiddler-on-the-roof-4625",33,2,1,"1991","Musical"
"fiddler-on-the-roof-501123",59,3,0,"2016","Musical"
"fifth-of-july-4072",65,5,1,"1981","Play"
"finding-neverland-498337",76,2,0,"2015","Musical"
"fish-in-the-dark-497971",26,0,0,"2015","Play"
"five-guys-named-moe-4671",59,2,0,"1992","Musical"
"follies-12822",19,5,0,"2001","Musical"
"fool-moon-4705",30,1,1,"1993","Special"
"fools-4107",7,1,0,"1981","Play"
"footloose-4877",91,4,0,"1999","Musical"
"for-colored-girls-who-have-considered-suicide--when-the-rainbow-is-enuf-532941",10,7,0,"2022","Play"
"forever-tango-4753",58,1,0,"1998","Special"
"fortunes-fool-13288",20,3,2,"2002","Play"
"fosse-5798",140,7,3,"1999","Musical"
"foxfire-4192",28,3,1,"1983","Play"
"freak-4846",24,2,0,"1998","Play"
"frost-nixon-453357",21,3,1,"2007","Play"
"frozen-379664",17,4,1,"2004","Play"
"frozen-515657",107,3,0,"2018","Musical"
"fully-committed-503772",18,2,1,"2016","Play"
"fun-home-497807",77,10,5,"2015","Musical"
"funny-girl-532545",76,1,0,"2022","Musical"
"gary-a-sequel-to-titus-andronicus-519765",14,6,0,"2019","Play"
"george-gershwin-alone-12863",14,0,0,"2001","Play"
"getting-married-4644",12,0,0,"1992","Play"
"ghetto-4544",8,1,0,"1989","Play"
"ghetto-klown-489556",20,1,1,"2011","Play"
"ghost-the-musical-490920",23,3,0,"2012","Musical"
"gigi-499196",14,1,0,"2015","Musical"
"girl-from-the-north-country-534369",8,0,0,"2022","Musical"
"glengarry-glen-ross-390715",21,5,2,"2005","Play"
"glengarry-glen-ross-4458",49,4,1,"1984","Play"
"glory-days-478270",3,0,0,"2009","Musical"
"god-of-carnage-482510",61,5,3,"2009","Play"
"godspell-490436",37,0,0,"2012","Musical"
"goldas-balcony-13535",65,1,0,"2004","Play"
"golden-child-4864",10,3,0,"1998","Play"
"good-night-oscar-535325",21,3,1,"2023","Play"
"good-people-488093",16,2,1,"2011","Play"
"grand-hotel-4254",131,12,5,"1990","Musical"
"grays-anatomy-4729",5,0,0,"1995","Special"
"grease-458339",74,1,0,"2008","Musical"
"grease-4610",191,3,0,"1994","Musical"
"grey-gardens-426592",43,10,3,"2007","Musical"
"grind-4369",12,7,2,"1985","Musical"
"groundhog-day-510225",27,7,0,"2017","Musical"
"guys-and-dolls-4679",147,8,4,"1992","Musical"
"guys-and-dolls-481459",19,2,0,"2009","Musical"
"gypsy-13429",61,4,0,"2003","Musical"
"gypsy-4256",78,5,2,"1990","Musical"
"gypsy-475256",45,7,3,"2008","Musical"
"hadestown-520711",162,14,8,"2019","Musical"
"hair-481766",69,8,1,"2009","Musical"
"hairspray-13371",336,13,8,"2003","Musical"
"hamilton-499521",352,15,11,"2016","Musical"
"hamlet-4299",15,2,1,"1995","Play"
"hamlet-4670",9,0,0,"1992","Play"
"hand-to-god-498573",43,5,0,"2015","Play"
"hangmen-534367",11,5,0,"2022","Play"
"harry-potter-and-the-cursed-child-parts-one-and-two-514844",204,10,6,"2018","Play"
"harvey-491285",12,0,0,"2013","Play"
"having-our-say-4293",42,3,0,"1995","Play"
"hedda-gabler-4267",9,0,0,"1995","Play"
"hedwig-and-the-angry-inch-495294",77,8,4,"2014","Musical"
"hello-dolly-507877",76,10,4,"2017","Musical"
"high-society-4867",22,2,0,"1998","Musical"
"hillary-and-clinton-520344",15,1,0,"2019","Play"
"holler-if-ya-hear-me-496054",7,0,0,"2015","Musical"
"home-3953",31,2,0,"1980","Play"
"honour-4868",11,2,0,"1998","Play"
"hot-feet-413678",14,0,0,"2006","Musical"
"how-i-learned-to-drive-523721",11,3,0,"2022","Play"
"how-to-succeed-in-business-without-really-trying-4288",71,4,1,"1995","Musical"
"how-to-succeed-in-business-without-really-trying-488364",65,8,1,"2011","Musical"
"hurlyburly-4342",43,4,1,"1985","Play"
"i-am-my-own-wife-13559",50,3,2,"2004","Play"
"i-hate-hamlet-4638",14,1,0,"1991","Play"
"i-ought-to-be-in-pictures-3696",32,1,1,"1980","Play"
"i-wont-dance-4119",2,0,0,"1982","Play"
"if-then-495051",54,2,0,"2014","Musical"
"ill-eat-you-last-a-chat-with-sue-mengers-494064",13,1,0,"2013","Play"
"im-not-rappaport-4384",113,3,3,"1986","Play"
"impressionism-482092",11,0,0,"2009","Play"
"in-the-heights-465745",152,13,4,"2008","Musical"
"inacent-black-4116",4,0,0,"1982","Play"
"indecent-511164",18,3,2,"2017","Play"
"indiscretions-4296",31,9,0,"1995","Play"
"inherit-the-wind-452232",16,4,0,"2007","Play"
"inherit-the-wind-4672",11,2,0,"1996","Play"
"ink-518582",14,6,2,"2019","Play"
"into-the-woods-13281",38,10,2,"2002","Musical"
"into-the-woods-4486",101,10,3,"1988","Musical"
"irenas-vow-482325",16,0,0,"2009","Play"
"is-there-life-after-high-school-4171",8,1,1,"1982","Musical"
"it-aint-nothin-but-the-blues-8379",37,4,0,"1999","Musical"
"it-had-to-be-you-4118",8,0,0,"1982","Play"
"it-shoulda-been-you-498636",21,3,0,"2015","Musical"
"its-only-a-play-497345",41,1,0,"2015","Play"
"its-so-nice-to-be-civilized-3959",1,0,0,"1981","Musical"
"jack-a-night-on-the-town-with-john-barrymore-4717",3,0,0,"1996","Play"
"jackie-mason-brand-new-4615",38,0,0,"1991","Special"
"jackie-mason-freshly-squeezed-392187",26,1,0,"2005","Special"
"jackie-mason-politically-incorrect-4599",59,0,0,"1994","Special"
"jackie-masons-the-world-according-to-me-4436",55,1,1,"1987","Special"
"jackie-masons-the-world-according-to-me-4506",35,0,0,"1989","Special"
"jakes-women-4668",33,1,0,"1992","Play"
"jane-eyre-12568",31,5,0,"2001","Musical"
"jekyll-hyde-4750",199,4,0,"1997","Musical"
"jekyll-hyde-493330",6,0,0,"2013","Musical"
"jellys-last-jam-4684",75,11,3,"1992","Musical"
"jerome-robbins-broadway-4533",86,9,6,"1989","Musical"
"jersey-boys-394781",587,8,4,"2006","Musical"
"jerusalem-489533",21,6,1,"2011","Play"
"jesus-christ-superstar-12491",24,1,0,"2000","Musical"
"jesus-christ-superstar-490940",18,2,0,"2012","Musical"
"joe-turners-come-and-gone-4499",15,5,1,"1988","Play"
"joe-turners-come-and-gone-482347",13,6,2,"2009","Play"
"joseph-and-the-amazing-technicolor-dreamcoat-4158",84,7,0,"1982","Musical"
"joseph-and-the-amazing-technicolor-dreamcoat-4581",31,0,0,"1994","Musical"
"journeys-end-454928",18,6,1,"2007","Play"
"judgment-at-nuremberg-12819",13,2,0,"2001","Play"
"julius-caesar-391569",14,0,0,"2005","Play"
"jumpers-13598",14,4,0,"2004","Play"
"kimberly-akimbo-534754",54,8,5,"2023","Musical"
"king-david-4728",2,0,0,"1998","Special"
"king-hedley-ii-12865",12,6,1,"2001","Play"
"king-kong-516830",46,4,1,"2019","Musical"
"king-lear-519767",15,1,0,"2019","Play"
"kinky-boots-493287",319,13,6,"2013","Musical"
"kiss-me-kate-518742",20,4,0,"2019","Musical"
"kiss-me-kate-9686",114,10,5,"2000","Musical"
"kiss-of-the-spider-woman-4568",115,11,7,"1993","Musical"
"la-cage-aux-folles-383058",33,4,2,"2005","Musical"
"la-cage-aux-folles-4231",223,9,6,"1984","Musical"
"la-cage-aux-folles-484929",56,11,3,"2010","Musical"
"largely-new-york-4545",20,5,0,"1989","Play"
"laughter-on-the-23rd-floor-4586",43,0,0,"1994","Play"
"leader-of-the-pack-4367",22,1,0,"1985","Musical"
"leap-of-faith-491632",6,1,0,"2012","Musical"
"legally-blonde-423552",79,7,0,"2007","Musical"
"lena-horne-the-lady-and-her-music-4120",59,1,1,"1981","Special"
"lend-me-a-tenor-4535",62,7,2,"1989","Play"
"lend-me-a-tenor-485548",23,3,0,"2010","Play"
"leopoldstadt-534820",42,6,4,"2023","Play"
"les-liaisons-dangereuses-4469",20,7,0,"1987","Play"
"les-liaisons-dangereuses-473780",13,5,1,"2008","Play"
"les-misrables-413358",61,3,0,"2007","Musical"
"les-misrables-4443",846,11,8,"1987","Musical"
"les-misrables-494837",132,3,0,"2014","Musical"
"lestat-402876",10,2,0,"2006","Musical"
"lettice-and-lovage-4558",41,4,2,"1990","Play"
"life-of-pi-535445",20,5,3,"2023","Play"
"life-x-3-13491",16,1,0,"2003","Play"
"little-shop-of-horrors-13538",52,1,0,"2004","Musical"
"little-women-386281",24,1,0,"2005","Musical"
"living-on-love-498988",5,0,0,"2015","Play"
"lobby-hero-515856",11,2,0,"2018","Play"
"lombardi-487855",35,1,0,"2011","Play"
"london-assurance-4752",11,3,0,"1997","Play"
"long-days-journey-into-night-13474",19,6,3,"2003","Play"
"long-days-journey-into-night-4410",10,4,0,"1986","Play"
"long-days-journey-into-night-501115",13,7,2,"2016","Play"
"loot-4405",13,4,0,"1986","Play"
"lost-in-yonkers-4632",99,5,4,"1991","Play"
"love-life-393642",5,0,0,"2006","Special"
"love-thy-neighbor-4324",41,0,0,"1996","Special"
"love-valour-compassion-4284",35,4,2,"1995","Play"
"lovemusik-455498",11,4,0,"2007","Musical"
"lucky-guy-493577",19,6,2,"2013","Play"
"lunch-hour-4076",34,1,0,"1981","Play"
"m-butterfly-4497",99,7,3,"1988","Play"
"ma-raineys-black-bottom-4346",36,3,0,"1985","Play"
"macbeth-12570",3,0,0,"2001","Play"
"macbeth-4503",11,1,0,"1988","Play"
"macbeth-478134",9,6,0,"2008","Play"
"macbeth-494068",15,1,0,"2013","Play"
"macbeth-532512",14,3,0,"2022","Play"
"magic-bird-491567",8,0,0,"2012","Play"
"mail-4501",7,1,0,"1988","Musical"
"mamma-mia-12925",725,5,0,"2002","Musical"
"man-of-la-mancha-13422",41,3,0,"2003","Musical"
"man-of-la-mancha-4683",17,0,0,"1992","Musical"
"marc-salems-mind-games-on-broadway-381023",24,0,0,"2005","Special"
"marlene-7297",5,2,0,"1999","Musical"
"marvins-room-510044",12,0,0,"2018","Play"
"mary-poppins-408494",334,7,1,"2007","Musical"
"mary-stuart-481070",20,6,1,"2009","Play"
"mass-appeal-4142",29,2,0,"1982","Play"
"master-class-4314",87,3,3,"1996","Play"
"match-9648",11,1,0,"2004","Play"
"matilda-the-musical-493194",200,13,4,"2013","Musical"
"me-and-my-girl-4419",179,11,3,"1987","Musical"
"mean-girls-515822",104,12,0,"2018","Musical"
"medea-4168",9,6,1,"1982","Play"
"medea-4600",13,3,1,"1994","Play"
"meet-me-in-st-louis-4251",34,4,0,"1990","Musical"
"merlin-4206",35,5,0,"1983","Musical"
"metamorphoses-13324",52,3,1,"2002","Play"
"metamorphosis-4536",13,2,0,"1989","Play"
"michael-feinstein-in-concert-4502",8,0,0,"1988","Special"
"million-dollar-quartet-485499",66,3,1,"2010","Musical"
"miss-saigon-4639",515,11,3,"1991","Musical"
"miss-saigon-509511",46,2,0,"2017","Musical"
"mj-the-musical-524797",97,10,4,"2022","Musical"
"moon-over-buffalo-4304",42,2,0,"1996","Play"
"mornings-at-seven-13304",18,6,0,"2002","Play"
"mornings-at-seven-3697",63,4,3,"1980","Play"
"mothers-and-sons-495880",18,2,0,"2014","Play"
"motown-the-musical-493342",97,4,0,"2013","Musical"
"movin-out-13368",167,9,2,"2003","Musical"
"mr-saturday-night-532890",22,5,0,"2022","Musical"
"mrs-doubtfire-534364",7,0,0,"2022","Musical"
"much-ado-about-everything-10708",37,0,0,"2000","Special"
"my-fair-lady-4590",23,3,0,"1994","Musical"
"my-fair-lady-513966",69,10,1,"2018","Musical"
"my-one-and-only-4221",101,9,3,"1983","Musical"
"my-thing-of-love-4300",4,0,0,"1996","Play"
"natasha-pierre-the-great-comet-of-1812-506425",46,12,2,"2017","Musical"
"network-519334",30,5,1,"2019","Play"
"new-york-new-york-535492",19,9,1,"2023","Musical"
"newsies-the-musical-491210",128,8,2,"2012","Musical"
"next-fall-485029",20,2,0,"2010","Play"
"next-to-normal-483136",95,11,3,"2009","Musical"
"nice-work-if-you-can-get-it-491374",64,10,2,"2012","Musical"
"night-mother-4214",49,3,0,"1983","Play"
"night-must-fall-6732",20,1,0,"1999","Play"
"nine-13305",39,7,2,"2003","Musical"
"nine-4172",94,11,5,"1982","Musical"
"noises-off-13061",46,2,1,"2002","Play"
"noises-off-4244",71,4,0,"1984","Play"
"not-about-nightingales-6483",18,6,1,"1999","Play"
"november-467154",30,1,0,"2008","Play"
"nuts-3948",7,1,0,"1980","Play"
"oba-oba-4500",8,0,0,"1988","Musical"
"of-mice-and-men-495843",19,2,0,"2014","Play"
"oklahoma-12938",53,7,1,"2002","Musical"
"oklahoma-3825",12,2,0,"1980","Musical"
"oklahoma-520829",44,8,2,"2019","Musical"
"old-acquaintance-458197",12,0,0,"2008","Play"
"oliver-4465",4,1,0,"1984","Musical"
"on-golden-pond-391510",14,2,0,"2005","Play"
"on-the-town-497107",51,4,0,"2015","Musical"
"on-the-twentieth-century-497108",23,5,0,"2015","Musical"
"on-the-waterfront-4298",3,0,0,"1996","Play"
"on-your-feet-497820",98,1,0,"2016","Musical"
"on-your-toes-4208",64,5,2,"1983","Musical"
"once-491352",149,11,8,"2012","Musical"
"once-on-this-island-4617",61,8,0,"1991","Musical"
"once-on-this-island-514926",61,8,1,"2018","Musical"
"once-upon-a-mattress-5141",28,1,0,"1997","Musical"
"one-flew-over-the-cuckoos-nest-12825",20,2,1,"2001","Play"
"one-man-two-guvnors-491201",22,7,1,"2012","Play"
"orphans-493860",8,2,0,"2013","Play"
"oslo-509322",17,7,2,"2017","Play"
"othello-4160",17,2,1,"1982","Play"
"other-desert-cities-490602",36,5,1,"2012","Play"
"our-countrys-good-4642",8,5,0,"1991","Play"
"pack-of-lies-4359",16,1,0,"1985","Play"
"parade-536082",24,6,2,"2023","Musical"
"paradise-square-531770",17,9,1,"2022","Musical"
"passing-strange-475091",24,7,1,"2008","Musical"
"passion-4228",14,1,0,"1983","Play"
"passion-4606",42,10,4,"1994","Musical"
"penn-teller-the-refrigerator-tour-4636",14,0,0,"1991","Special"
"peter-and-the-starcatcher-491597",43,9,5,"2012","Play"
"peter-pan-12557",28,0,0,"1999","Musical"
"peter-pan-3807",29,2,0,"1980","Musical"
"peter-pan-goes-wrong-536073",19,3,1,"2023","Play"
"picnic-4603",9,2,0,"1994","Play"
"pippin-493954",94,10,4,"2013","Musical"
"play-me-a-country-song-4178",3,0,0,"1983","Musical"
"play-on-4738",10,3,0,"1997","Musical"
"plaza-suite-524089",20,1,0,"2022","Play"
"porgy-and-bess-4861",36,2,0,"1983","Musical"
"porgy-and-bess-490541",164,9,2,"2012","Musical"
"potus-or-behind-every-great-dumbass-are-seven-women-trying-to-keep-him-alive-533991",18,2,0,"2022","Play"
"precious-sons-4401",11,1,0,"1986","Play"
"prelude-to-a-kiss-4564",56,2,0,"1990","Play"
"present-laughter-510583",17,3,1,"2017","Play"
"pretty-woman-the-musical-517017",57,0,0,"2019","Musical"
"prima-facie-535843",12,4,1,"2023","Play"
"private-lives-13372",20,6,3,"2002","Play"
"private-lives-4225",12,0,0,"1984","Play"
"promises-promises-485290",41,4,1,"2010","Musical"
"proof-12546",117,5,3,"2001","Play"
"prymate-377605",4,1,0,"2004","Play"
"pump-boys-and-dinettes-4161",50,1,0,"1982","Musical"
"pygmalion-4468",16,2,0,"1987","Play"
"qed-13181",28,0,0,"2002","Play"
"race-483898",40,1,0,"2010","Play"
"radio-golf-456785",11,3,0,"2007","Play"
"ragtime-4843",108,12,4,"1998","Musical"
"rain-488176",38,1,1,"2011","Musical"
"reasons-to-be-pretty-482214",14,3,0,"2009","Play"
"red-486438",16,7,6,"2010","Play"
"redwood-curtain-4710",7,3,1,"1993","Play"
"rent-4791",645,10,4,"1996","Musical"
"ring-round-the-moon-7298",13,2,0,"1999","Play"
"riverdance--on-broadway-12489",78,0,0,"2000","Musical"
"rob-beckers-defending-the-caveman-4290",116,0,0,"1995","Special"
"rock-of-ages-482291",295,5,0,"2009","Musical"
"rocky-495233",27,4,1,"2014","Musical"
"rodgers-hammersteins-cinderella-493254",102,9,1,"2013","Musical"
"romance--romance-4505",39,5,0,"1988","Musical"
"romantic-comedy-3817",20,0,0,"1980","Play"
"rose-12572",8,1,0,"2000","Play"
"rose-4103",11,2,0,"1981","Play"
"rumors-4524",68,1,1,"1989","Play"
"russell-simmons-def-poetry-jam-13436",27,1,1,"2003","Special"
"saint-joan-515949",10,1,0,"2018","Play"
"sally-marrand-her-escorts-4608",10,1,0,"1994","Play"
"salome-13498",10,0,0,"2003","Play"
"sarafina-4492",76,5,0,"1988","Musical"
"saturday-night-fever-9684",66,0,0,"2000","Musical"
"say-goodnight-gracie-13425",49,1,0,"2003","Play"
"scenes-and-revelations-4126",6,0,0,"1982","Play"
"school-of-rock-the-musical-498973",167,4,0,"2016","Musical"
"seminar-490651",28,1,1,"2012","Play"
"seussical-12571",29,1,0,"2001","Musical"
"seven-guitars-4271",26,7,1,"1996","Play"
"shakespeare-for-my-father-4566",37,1,0,"1993","Play"
"she-loves-me-4570",50,9,1,"1994","Musical"
"she-loves-me-501744",21,8,1,"2016","Musical"
"shining-city-405825",13,2,0,"2006","Play"
"shirley-valentine-4530",42,2,1,"1989","Play"
"show-boat-4219",10,3,0,"1983","Musical"
"show-boat-4269",120,8,5,"1995","Musical"
"shrek-the-musical-477427",61,8,1,"2009","Musical"
"shucked-535831",33,9,1,"2023","Musical"
"shuffle-along-or-the-making-of-the-musical-sensation-of-1921-and-all-that-followed-499865",19,10,0,"2016","Musical"
"side-man-4731",68,2,2,"1999","Play"
"sight-unseen-13506",12,1,0,"2005","Play"
"singin-in-the-rain-4376",51,2,0,"1986","Musical"
"sister-act-488903",75,5,0,"2011","Musical"
"six-523485",113,8,2,"2022","Musical"
"six-degrees-of-separation-4622",248,4,1,"1991","Play"
"six-degrees-of-separation-511243",44,2,0,"2017","Play"
"skylight-497982",14,7,1,"2015","Play"
"slab-boys-4209",9,0,0,"1983","Play"
"sleight-of-hand-4470",5,0,0,"1988","Play"
"sly-fox-13536",25,0,0,"2004","Play"
"smokey-joes-cafe-4286",258,5,0,"1995","Musical"
"so-long-on-lonely-street-4404",8,0,0,"1986","Play"
"social-security-4407",52,2,2,"1986","Play"
"some-americans-abroad-4325",8,1,0,"1990","Play"
"some-like-it-hot-534531",51,13,4,"2023","Musical"
"someone-wholl-watch-over-me-4696",30,2,0,"1993","Play"
"something-rotten-498917",93,10,1,"2015","Musical"
"sondheim-on-sondheim-485091",15,2,0,"2010","Musical"
"song-and-dance-4377",62,8,1,"1986","Musical"
"sophisticated-ladies-4098",98,8,2,"1981","Musical"
"south-pacific-463981",130,11,7,"2008","Musical"
"spamalot-384262",202,12,3,"2005","Musical"
"speed-the-plow-4507",39,3,1,"1988","Play"
"spongebob-squarepants-515039",45,12,1,"2018","Musical"
"spring-awakening-448811",112,11,8,"2007","Musical"
"springsteen-on-broadway-515480",52,1,1,"2018","Special"
"st-marks-gospel-4121",3,0,0,"1982","Play"
"stardust-4440",15,1,0,"1987","Musical"
"starlight-express-4444",98,7,1,"1987","Musical"
"starmites-4543",13,5,0,"1989","Musical"
"state-fair-4270",15,2,0,"1996","Musical"
"steel-magnolias-386798",20,1,0,"2005","Play"
"steel-pier-4747",14,11,0,"1997","Musical"
"stones-in-his-pockets-12831",27,2,0,"2001","Play"
"strange-interlude-4360",12,6,0,"1985","Play"
"sugar-babies-3812",117,8,0,"1980","Musical"
"summer-1976-535224",11,1,0,"2023","Play"
"summer-517215",40,2,0,"2018","Musical"
"sunday-in-the-park-with-george-4335",80,10,2,"1984","Musical"
"sunday-in-the-park-with-george-457137",23,9,0,"2008","Musical"
"sunset-boulevard-4275",125,11,7,"1995","Musical"
"sunset-boulevard-511108",21,1,0,"2017","Musical"
"sweat-512126",17,2,0,"2017","Play"
"sweeney-todd-400379",48,6,2,"2006","Musical"
"sweeney-todd-535238",35,8,2,"2023","Musical"
"sweet-charity-378059",38,3,0,"2005","Musical"
"sweet-charity-4409",48,5,4,"1986","Musical"
"sweet-smell-of-success-13278",17,7,1,"2002","Musical"
"sweet-sue-4438",23,0,0,"1987","Play"
"swing-10705",63,5,0,"2000","Musical"
"take-me-out-13460",48,4,3,"2003","Play"
"take-me-out-522075",14,3,2,"2022","Play"
"talk-radio-448819",19,2,0,"2007","Play"
"taller-than-a-dwarf-12494",12,0,0,"2000","Play"
"talleys-folly-3685",20,5,1,"1980","Play"
"tango-pasion-4567",2,2,0,"1993","Musical"
"tartuffe-4794",7,0,0,"1997","Play"
"tarzan-405840",68,1,0,"2006","Musical"
"teaneck-tanzi-the-venus-flytrap-4218",5,0,0,"1983","Play"
"that-championship-season-489564",16,0,0,"2011","Play"
"the-25th-annual-putnam-county-spelling-bee-392859",145,6,2,"2005","Musical"
"the-39-steps-469215",100,6,2,"2008","Play"
"the-addams-family-484632",95,2,0,"2010","Musical"
"the-adventures-of-tom-sawyer-12838",7,2,0,"2001","Musical"
"the-assembled-parties-493256",19,3,1,"2013","Play"
"the-audience-497830",20,3,2,"2015","Play"
"the-babe-4338",2,0,0,"1985","Play"
"the-bands-visit-514964",79,11,10,"2018","Musical"
"the-beauty-queen-of-leenane-4725",48,6,4,"1998","Play"
"the-best-little-whorehouse-goes-public-4609",6,1,0,"1994","Musical"
"the-best-little-whorehouse-in-texas-4175",13,0,0,"1983","Musical"
"the-best-man-491515",27,2,0,"2012","Play"
"the-big-knife-492798",11,1,0,"2013","Play"
"the-book-of-mormon-488721",575,13,9,"2011","Musical"
"the-boy-from-oz-13424",51,4,1,"2004","Musical"
"the-boys-in-autumn-4412",12,0,0,"1986","Play"
"the-boys-in-the-band-516746",15,2,1,"2019","Play"
"the-bridges-of-madison-county-494897",18,4,2,"2014","Musical"
"the-caine-mutiny-court-martial-395623",6,1,0,"2006","Play"
"the-caine-mutiny-court-martial-4224",30,1,0,"1983","Play"
"the-cemetery-club-4327",9,0,0,"1991","Play"
"the-chairs-4863",12,6,0,"1998","Play"
"the-cher-show-518460",42,3,2,"2019","Musical"
"the-circle-4257",27,1,0,"1990","Play"
"the-civil-war-7295",12,2,0,"1999","Musical"
"the-color-purple-398535",119,10,1,"2006","Musical"
"the-color-purple-499928",61,4,2,"2016","Musical"
"the-columnist-490405",14,1,0,"2012","Play"
"the-comedy-of-errors-4471",11,0,0,"1988","Play"
"the-constant-wife-393019",13,3,0,"2006","Play"
"the-country-girl-470352",16,2,0,"2008","Play"
"the-cripple-of-inishmaan-496113",15,6,0,"2014","Play"
"the-crucible-13135",17,6,0,"2002","Play"
"the-crucible-502500",20,4,0,"2016","Play"
"the-deep-blue-sea-4862",12,0,0,"1998","Play"
"the-diary-of-anne-frank-4764",30,2,0,"1998","Play"
"the-dinner-party-12549",48,1,0,"2001","Play"
"the-dresser-4140",29,2,0,"1982","Play"
"the-drowsy-chaperone-412775",89,13,5,"2006","Musical"
"the-elephant-man-13289",10,2,0,"2002","Play"
"the-father-502234",13,2,1,"2016","Play"
"the-ferryman-518068",40,9,4,"2019","Play"
"the-floating-light-bulb-4112",10,2,1,"1981","Play"
"the-flying-karamazov-brothers-4226",7,0,0,"1984","Special"
"the-full-monty-12548",101,9,0,"2001","Musical"
"the-gathering-12840",5,0,0,"2001","Play"
"the-gershwins-fascinating-rhythm-7299",6,0,0,"1999","Musical"
"the-gin-game-4745",21,3,0,"1997","Play"
"the-glass-menagerie-390256",19,0,0,"2005","Play"
"the-glass-menagerie-508222",15,1,0,"2017","Play"
"the-goat-or-who-is-sylvia-13285",43,2,1,"2002","Play"
"the-golden-age-4461",6,2,0,"1984","Play"
"the-goodbye-girl-4706",27,5,0,"1993","Musical"
"the-gospel-at-colonus-4498",10,1,0,"1988","Musical"
"the-graduate-13279",51,0,0,"2002","Play"
"the-grapes-of-wrath-4557",25,7,2,"1990","Play"
"the-green-bird-12493",10,2,0,"2000","Play"
"the-guys-in-the-truck-4229",4,0,0,"1984","Play"
"the-heidi-chronicles-4538",79,6,2,"1989","Play"
"the-heidi-chronicles-498692",10,1,0,"2015","Play"
"the-heiress-4287",47,7,4,"1995","Play"
"the-high-rollers-social-and-pleasure-club-4681",4,1,0,"1992","Musical"
"the-history-boys-400540",25,7,6,"2006","Play"
"the-house-of-blue-leaves-4411",45,8,4,"1986","Play"
"the-house-of-blue-leaves-489428",12,1,0,"2011","Play"
"the-humans-503915",50,6,4,"2016","Play"
"the-iceman-cometh-515678",15,8,0,"2018","Play"
"the-iceman-cometh-7300",16,5,0,"1999","Play"
"the-importance-of-being-earnest-488272",28,3,1,"2011","Play"
"the-invention-of-love-12821",18,5,2,"2001","Play"
"the-judas-kiss-4869",15,0,0,"1998","Play"
"the-king-and-i-4357",27,3,1,"1985","Musical"
"the-king-and-i-4673",101,8,4,"1996","Musical"
"the-king-and-i-497593",68,9,4,"2015","Musical"
"the-last-night-of-ballyhoo-4736",73,3,1,"1997","Play"
"the-lieutenant-of-inishmore-414902",20,5,0,"2006","Play"
"the-life-4748",61,12,2,"1997","Musical"
"the-light-in-the-piazza-390706",68,11,6,"2005","Musical"
"the-lion-in-winter-6733",15,1,0,"1999","Play"
"the-lion-king-4761",1275,11,6,"1998","Musical"
"the-little-foxes-4117",18,5,0,"1981","Play"
"the-little-foxes-4749",11,2,0,"1997","Play"
"the-little-foxes-508257",14,6,2,"2017","Play"
"the-little-mermaid-456222",94,2,0,"2008","Musical"
"the-little-prince-533150",6,0,0,"2022","Special"
"the-lonesome-west-7303",8,4,0,"1999","Play"
"the-look-of-love-13403",11,0,0,"2004","Musical"
"the-lyons-491879",13,1,0,"2012","Play"
"the-man-who-came-to-dinner-3962",14,2,0,"1981","Play"
"the-man-who-had-all-the-luck-12917",11,1,0,"2002","Play"
"the-man-who-had-three-arms-4216",7,0,0,"1983","Play"
"the-mikado-4449",5,2,0,"1987","Musical"
"the-minutes-525378",19,1,0,"2022","Play"
"the-moony-shapiro-songbook-4114",2,1,0,"1981","Musical"
"the-most-happy-fella-4661",32,4,1,"1992","Musical"
"the-music-man-12495",91,8,0,"2000","Musical"
"the-music-man-13314",3,1,1,"1981","Musical"
"the-music-man-526102",54,6,0,"2022","Musical"
"the-musical-comedy-murders-of-1940-4451",18,0,0,"1987","Play"
"the-mystery-of-charles-dickens-13404",4,1,1,"2002","Play"
"the-mystery-of-edwin-drood-4386",79,9,5,"1986","Musical"
"the-nance-493671",21,5,3,"2013","Play"
"the-nerd-4445",57,0,0,"1987","Play"
"the-night-of-the-iguana-4323",11,0,0,"1996","Play"
"the-normal-heart-489853",12,5,3,"2011","Play"
"the-norman-conquests-living-together-483079",16,5,1,"2009","Play"
"the-odd-couple-394870",35,0,0,"2006","Play"
"the-odd-couple-4375",38,0,0,"1986","Play"
"the-old-neighborhood-4844",26,1,0,"1998","Play"
"the-pajama-game-403179",22,9,2,"2006","Musical"
"the-people-in-the-picture-489215",12,1,0,"2011","Musical"
"the-petition-4408",11,2,0,"1986","Play"
"the-phantom-of-the-opera-4491",1755,10,7,"1988","Musical"
"the-philanthropist-481454",12,0,0,"2009","Play"
"the-piano-lesson-4560",42,5,0,"1990","Play"
"the-pillowman-392093",26,6,2,"2005","Play"
"the-pirate-queen-426183",15,1,0,"2007","Musical"
"the-pirates-of-penzance-4088",101,7,3,"1981","Musical"
"the-play-that-goes-wrong-511410",96,1,1,"2017","Play"
"the-play-what-i-wrote-3542",15,1,0,"2003","Special"
"the-price-4688",9,1,0,"1993","Play"
"the-price-507986",13,1,0,"2017","Play"
"the-producers-12826",318,14,12,"2001","Musical"
"the-prom-518117",42,6,0,"2019","Musical"
"the-rascals-once-upon-a-dream-494144",3,0,0,"2013","Special"
"the-real-thing-12492",20,5,3,"2000","Play"
"the-real-thing-4330",73,7,5,"1984","Play"
"the-realistic-joneses-496249",17,1,1,"2014","Play"
"the-ride-down-mt-morgan-12490",18,2,0,"2000","Play"
"the-rink-4333",30,5,1,"1984","Musical"
"the-rise-and-fall-of-little-voice-4607",4,0,0,"1995","Play"
"the-ritz-4223",2,0,0,"1984","Play"
"the-rocky-horror-show-12547",59,4,0,"2001","Musical"
"the-rose-tattoo-4297",11,1,0,"1995","Play"
"the-scarlet-pimpernel-12566",103,3,0,"1998","Musical"
"the-search-for-signs-of-intelligent-life-in-the-universe-12567",28,1,0,"2001","Play"
"the-search-for-signs-of-intelligent-life-in-the-universe-4378",55,1,1,"1986","Play"
"the-secret-garden-4640",92,7,3,"1991","Musical"
"the-sign-in-sidney-brusteins-window-536893",10,2,1,"2023","Play"
"the-sisters-rosensweig-4707",72,5,1,"1993","Play"
"the-skin-of-our-teeth-532477",9,6,1,"2022","Play"
"the-song-of-jacob-zulu-4708",8,6,0,"1993","Play"
"the-sound-of-music-4849",72,1,0,"1998","Musical"
"the-sunshine-boys-4765",31,0,0,"1998","Play"
"the-tale-of-the-allergists-wife-12550",101,3,0,"2001","Play"
"the-tap-dance-kid-4329",89,7,2,"1984","Musical"
"the-testament-of-mary-493968",6,3,0,"2013","Play"
"the-thanksgiving-play-536114",12,1,1,"2023","Play"
"the-trip-to-bountiful-493812",29,4,1,"2013","Play"
"the-velocity-of-autumn-495917",5,1,0,"2014","Play"
"the-visit-499129",12,5,0,"2015","Musical"
"the-wedding-singer-402890",40,5,0,"2006","Musical"
"the-weir-7301",36,1,1,"1999","Play"
"the-whos-tommy-4715",116,10,5,"1993","Musical"
"the-wild-party-12484",14,7,0,"2000","Musical"
"the-will-rogers-follies-4643",127,11,6,"1991","Musical"
"the-wiz-4339",3,0,0,"1985","Musical"
"the-year-of-magical-thinking-448761",24,1,0,"2007","Play"
"the-young-man-from-atlanta-4741",13,3,0,"1997","Play"
"thoroughly-modern-millie-13138",118,11,6,"2002","Musical"
"three-days-of-rain-403589",12,2,0,"2006","Play"
"three-men-on-a-horse-4711",8,0,0,"1993","Play"
"three-tall-women-515801",17,6,2,"2018","Play"
"threepenny-opera-392567",14,2,0,"2006","Musical"
"thurgood-471162",19,1,0,"2008","Play"
"titanic-4746",105,5,5,"1997","Musical"
"to-kill-a-mockingbird-518644",86,9,1,"2019","Play"
"tootsie-519394",41,10,2,"2019","Musical"
"top-girls-460191",11,1,0,"2008","Play"
"topdog--underdog-13325",22,2,0,"2002","Play"
"torch-song-trilogy-4176",608,2,2,"1983","Play"
"total-abandon-4220",3,0,0,"1983","Play"
"travesties-515749",12,4,0,"2018","Play"
"tru-4550",40,1,1,"1990","Play"
"true-west-12483",24,3,0,"2000","Play"
"truly-blessed-4561",6,0,0,"1990","Musical"
"tuck-everlasting-501949",9,1,0,"2016","Musical"
"twelve-angry-men-382999",33,3,0,"2005","Play"
"twentieth-century-12294",14,2,0,"2004","Play"
"twilight-los-angeles-1992-4601",11,2,0,"1994","Play"
"two-trains-running-4678",21,4,1,"1992","Play"
"uncle-vanya-12488",10,2,0,"2000","Play"
"urban-cowboy-13479",12,2,0,"2003","Musical"
"urinetown-12936",125,9,3,"2002","Musical"
"vanya-and-sonia-and-masha-and-spike-494053",25,6,1,"2013","Play"
"venus-in-fur-490533",29,2,1,"2012","Play"
"via-dolorosa-7296",15,1,1,"1999","Play"
"victor--victoria-4310",95,1,0,"1996","Musical"
"vincent-in-brixton-13480",12,2,0,"2003","Play"
"violet-495831",20,4,0,"2014","Musical"
"wait-until-dark-4865",14,0,0,"1998","Play"
"waiting-for-godot-481504",15,3,0,"2009","Play"
"waiting-in-the-wings-10707",26,2,0,"2000","Play"
"waitress-502861",198,4,0,"2016","Musical"
"wallys-cafe-4123",6,0,0,"1982","Play"
"war-horse-488128",95,5,5,"2011","Play"
"war-paint-510889",34,3,0,"2017","Musical"
"well-406665",10,2,0,"2006","Play"
"west-side-story-3684",26,2,0,"1980","Musical"
"west-side-story-481437",97,4,1,"2009","Musical"
"what-the-constitution-means-to-me-521025",24,2,0,"2019","Play"
"whodunnit-4201",22,1,0,"1983","Play"
"whos-afraid-of-virginia-woolf-384288",26,6,1,"2005","Play"
"wicked-13485",965,10,3,"2004","Musical"
"wilder-wilder-wilder-4714",6,1,0,"1993","Play"
"woman-of-the-year-4104",100,6,4,"1981","Musical"
"wonderful-town-13560",65,5,1,"2004","Musical"
"wonderland-488710",8,0,0,"2011","Musical"
"xanadu-457586",71,4,0,"2008","Musical"
"you-cant-take-it-with-you-4215",160,1,0,"1983","Play"
"your-arms-too-short-to-box-with-god-3958",19,1,0,"1981","Musical"
"youre-a-good-man-charlie-brown-5211",21,4,2,"1999","Musical"
"zorba-4234",45,1,1,"1984","Musical"
"zoyas-apartment-4326",8,0,0,"1991","Play"
