production,nominations,wins,type,year
bad-cinderella-535361,0,0,Musical,"Mar 23, 2023"
dancin-4051,7,2,Musical,1978
dancin-535808,1,0,Musical,2023
camelot-13313,2,0,Musical,1981
camelot-4143,0,0,Musical,"Nov 15, 1981"
camelot-4571,0,0,Musical,"Jun 21, 1993"
camelot-534339,5,0,Musical,2023
el-mago-pop-536773,0,0,Special,"Aug 20, 2023"
fat-ham-535958,5,0,Play,2023
good-night-oscar-535325,3,1,Play,2023
grey-house-536446,0,0,Play,"Jun 06, 2023"
here-lies-love-536097,0,0,Musical,"Jul 20, 2023"
i-need-that-537704,0,0,Play,"Nov 02, 2023"
jajas-african-hair-braiding-537669,0,0,Play,"Oct 03, 2023"
life-of-pi-535445,5,3,Play,2023
melissa-etheridge-my-window-537454,0,0,Special,"Sep 28, 2023"
new-york-new-york-535492,9,1,Musical,2023
once-upon-a-one-more-time-535897,0,0,Musical,"Jun 22, 2023"
pal-joey-477922,4,0,Musical,2009
peter-pan-goes-wrong-536073,3,1,Play,2023
pictures-from-home-535460,0,0,Play,"Feb 09, 2023"
prima-facie-535843,4,1,Play,2023
shucked-535831,9,1,Musical,2023
spamalot-384262,12,3,Musical,2005
summer-1976-535224,1,0,Play,2023
the-shark-is-broken-537119,0,0,Play,"Aug 10, 2023"
the-sign-in-sidney-brusteins-window-536893,2,1,Play,2023
the-thanksgiving-play-536114,1,1,Play,2023
1776-4754,3,0,Musical,1998
1776-534848,0,0,Musical,"Oct 06, 2022"
a-beautiful-noise-the-neil-diamond-musical-534723,2,0,Musical,2023
a-strange-loop-533382,11,2,Musical,2022
aint-no-mo-535033,6,0,Play,2023
almost-famous-534816,1,0,Musical,2023
american-buffalo-4235,1,0,Play,1984
american-buffalo-480742,0,0,Play,"Nov 17, 2008"
american-buffalo-525177,4,0,Play,2022
beetlejuice-519779,8,0,Musical,2019
beetlejuice-532410,0,0,Musical,"Apr 08, 2022"
between-riverside-and-crazy-535124,2,0,Play,2023
birthday-candles-522966,1,1,Play,2022
cost-of-living-535065,4,0,Play,2023
death-of-a-salesman-6286,5,4,Play,1999
death-of-a-salesman-491286,7,2,Play,2012
death-of-a-salesman-534795,2,0,Play,2023
funny-girl-532545,1,0,Musical,2022
girl-from-the-north-country-522972,7,1,Musical,2022
girl-from-the-north-country-534369,0,0,Musical,"Apr 29, 2022"
hangmen-525575,0,0,Play,Never Officially Opened
hangmen-534367,5,0,Play,2022
how-i-learned-to-drive-523721,3,0,Play,2022
into-the-woods-4486,10,3,Musical,1988
into-the-woods-13281,10,2,Musical,2002
into-the-woods-534783,6,0,Musical,2023
kimberly-akimbo-534754,8,5,Musical,2023
kpop-534371,3,0,Musical,2023
leopoldstadt-534820,6,4,Play,2023
mj-the-musical-524797,10,4,Musical,2022
ohio-state-murders-535133,1,0,Play,2023
paradise-square-531770,9,1,Musical,2022
plaza-suite-524089,1,0,Play,2022
potus-or-behind-every-great-dumbass-are-seven-women-trying-to-keep-him-alive-533991,2,0,Play,2022
skeleton-crew-531761,3,1,Play,2022
take-me-out-13460,4,3,Play,2003
take-me-out-522075,3,2,Play,2022
take-me-out-535174,0,0,Play,"Nov 11, 2022"
the-collaboration-534990,0,0,Play,"Dec 18, 2022"
the-kite-runner-533392,1,1,Play,2023
the-minutes-525378,1,0,Play,2022
the-music-man-13314,1,1,Musical,1981
the-music-man-12495,8,0,Musical,2000
the-music-man-526102,6,0,Musical,2022
the-piano-lesson-4560,5,0,Play,1990
the-piano-lesson-534566,2,0,Play,2023
the-skin-of-our-teeth-532477,6,1,Play,2022
aint-too-proud-520004,11,1,Musical,2019
caroline-or-change-11975,6,1,Musical,2004
caroline-or-change-523864,3,0,Musical,2022
chicken-biscuits-531921,0,0,Play,"Oct 10, 2021"
clydes-531925,4,0,Play,2022
flying-over-sunset-523888,4,0,Musical,2022
freestyle-love-supreme-522984,1,1,Special,2021
freestyle-love-supreme-531879,0,0,Special,"Oct 19, 2021"
is-this-a-room-532020,0,0,Play,"Oct 11, 2021"
jagged-little-pill-522465,13,2,Musical,2020
lackawanna-blues-531475,1,0,Play,2022
pass-over-531737,1,0,Play,2022
slave-play-523147,10,0,Play,2020
slave-play-532475,0,0,Play,"Dec 02, 2021"
the-lehman-trilogy-524011,7,5,Play,2022
thoughts-of-a-colored-man-531618,2,0,Play,2022
to-kill-a-mockingbird-518644,9,1,Play,2019
trouble-in-mind-531464,4,0,Play,2022
waitress-502861,4,0,Musical,2016
waitress-531975,0,0,Musical,"Sep 02, 2021"
a-soldiers-play-523872,7,2,Play,2020
grand-horizons-522074,2,0,Play,2020
my-name-is-lucy-barton-522382,1,0,Play,2020
west-side-story-3684,2,0,Musical,1980
west-side-story-481437,4,1,Musical,2009
west-side-story-523117,6,1,Musical,2020
whos-afraid-of-virginia-woolf-384288,6,1,Play,2005
whos-afraid-of-virginia-woolf-493035,5,3,Play,2013
whos-afraid-of-virginia-woolf-524177,0,0,Play,Never Officially Opened
all-my-sons-4456,3,1,Play,1987
all-my-sons-479544,0,0,Play,"Oct 16, 2008"
all-my-sons-519850,3,0,Play,2019
be-more-chill-519720,1,0,Musical,2019
betrayal-12552,2,0,Play,2001
betrayal-494564,0,0,Play,"Oct 27, 2013"
betrayal-523033,4,0,Play,2020
burn-this-4480,2,1,Play,1988
burn-this-520708,3,0,Play,2019
choir-boy-517586,5,2,Play,2019
derren-brown-secret-522958,0,0,Special,"Sep 15, 2019"
frankie-and-johnny-in-the-clair-de-lune-13328,2,0,Play,2003
frankie-and-johnny-in-the-clair-de-lune-521362,2,0,Play,2020
gary-a-sequel-to-titus-andronicus-519765,6,0,Play,2019
hadestown-520711,14,8,Musical,2019
hillary-and-clinton-520344,1,0,Play,2019
king-lear-13531,2,0,Play,2004
king-lear-519767,1,0,Play,2019
kiss-me-kate-9686,10,5,Musical,2000
kiss-me-kate-518742,4,0,Musical,2019
kristin-chenoweth-for-the-girls-524226,0,0,Special,"Nov 08, 2019"
linda-vista-522072,2,0,Play,2020
oklahoma-3825,2,0,Musical,1980
oklahoma-12938,7,1,Musical,2002
oklahoma-520829,8,2,Musical,2019
the-great-society-523220,1,0,Play,2020
the-height-of-the-storm-521241,0,0,Play,"Sep 24, 2019"
the-illusionists--magic-of-the-holidays-519594,0,0,Special,"Nov 23, 2018"
the-illusionists--magic-of-the-holidays-523538,0,0,Special,"Nov 29, 2019"
the-inheritance-522863,10,4,Play,2020
the-rose-tattoo-4297,1,0,Play,1995
the-rose-tattoo-522730,2,0,Play,2020
the-sound-inside-522762,6,1,Play,2020
tootsie-519394,10,2,Musical,2019
what-the-constitution-means-to-me-521025,2,0,Play,2019
american-son-518736,0,0,Play,"Nov 04, 2018"
bernhardt-hamlet-518406,2,0,Play,2019
carousel-4598,5,5,Musical,1994
carousel-515791,11,2,Musical,2018
celebrity-autobiography-520492,0,0,Special,"Nov 26, 2018"
children-of-a-lesser-god-3694,4,3,Play,1980
children-of-a-lesser-god-515596,1,0,Play,2018
escape-to-margaritaville-515030,0,0,Musical,"Mar 15, 2018"
gettin-the-band-back-together-515587,0,0,Musical,"Aug 13, 2018"
harry-potter-and-the-cursed-child-parts-one-and-two-514844,10,6,Play,2018
lobby-hero-515856,2,0,Play,2018
mean-girls-515822,12,0,Musical,2018
my-fair-lady-4129,1,0,Musical,1982
my-fair-lady-4590,3,0,Musical,1994
my-fair-lady-513966,10,1,Musical,2018
network-519334,5,1,Play,2019
pretty-woman-the-musical-517017,0,0,Musical,"Aug 16, 2018"
rocktopia-517409,0,0,Special,"Mar 27, 2018"
saint-joan-4704,1,0,Play,1993
saint-joan-515949,1,0,Play,2018
straight-white-men-517091,0,0,Play,"Jul 23, 2018"
summer-517215,2,0,Musical,2018
the-boys-in-the-band-516746,2,1,Play,2019
the-cher-show-518460,3,2,Musical,2019
the-ferryman-518068,9,4,Play,2019
the-iceman-cometh-4379,4,0,Play,1986
the-iceman-cometh-7300,5,0,Play,1999
the-iceman-cometh-515678,8,0,Play,2018
the-lifespan-of-a-fact-518712,0,0,Play,"Oct 18, 2018"
the-nap-517583,0,0,Play,"Sep 27, 2018"
the-waverly-gallery-518410,2,1,Play,2019
three-tall-women-515801,6,2,Play,2018
travesties-515749,4,0,Play,2018
true-west-12483,3,0,Play,2000
true-west-518222,0,0,Play,"Jan 24, 2019"
1984-513416,1,0,Play,2018
a-dolls-house-part-2-510743,7,1,Play,2017
bandstand-511287,2,1,Musical,2017
charlie-and-the-chocolate-factory-509567,1,1,Musical,2017
come-from-away-510272,7,1,Musical,2017
farinelli-and-the-king-514892,5,0,Play,2018
groundhog-day-510225,7,0,Musical,2017
hello-dolly-4308,1,0,Musical,1996
hello-dolly-507877,10,4,Musical,2017
home-for-the-holidays-516420,0,0,Special,"Nov 21, 2017"
indecent-511164,3,2,Play,2017
jitney-507859,6,1,Play,2017
latin-history-for-morons-515722,2,1,Play,2018
marvins-room-510044,0,0,Play,"Jun 29, 2017"
meteor-shower-515445,1,0,Play,2018
miss-saigon-4639,11,3,Musical,1991
miss-saigon-509511,2,0,Musical,2017
once-on-this-island-4617,8,0,Musical,1991
once-on-this-island-514926,8,1,Musical,2018
oslo-509322,7,2,Play,2017
present-laughter-4180,5,0,Play,1983
present-laughter-4805,1,0,Play,1997
present-laughter-484398,1,0,Play,2010
present-laughter-510583,3,1,Play,2017
prince-of-broadway-512381,2,0,Musical,2018
significant-other-509696,0,0,Play,"Mar 02, 2017"
six-degrees-of-separation-4622,4,1,Play,1991
six-degrees-of-separation-511243,2,0,Play,2017
spongebob-squarepants-515039,12,1,Musical,2018
springsteen-on-broadway-515480,1,1,Special,2018
sunday-in-the-park-with-george-4335,10,2,Musical,1984
sunday-in-the-park-with-george-457137,9,0,Musical,2008
sunday-in-the-park-with-george-512687,0,0,Musical,"Feb 23, 2017"
sunset-boulevard-4275,11,7,Musical,1995
sunset-boulevard-511108,1,0,Musical,2017
the-bands-visit-514964,11,10,Musical,2018
the-glass-menagerie-4241,0,0,Play,"Dec 01, 1983"
the-glass-menagerie-4273,1,0,Play,1995
the-glass-menagerie-390256,0,0,Play,"Mar 22, 2005"
the-glass-menagerie-494802,7,1,Play,2014
the-glass-menagerie-508222,1,0,Play,2017
the-little-foxes-4117,5,0,Play,1981
the-little-foxes-4749,2,0,Play,1997
the-little-foxes-508257,6,2,Play,2017
the-parisian-woman-515423,0,0,Play,"Nov 30, 2017"
the-play-that-goes-wrong-511410,1,1,Play,2017
the-present-508170,1,0,Play,2017
the-terms-of-my-surrender-514772,0,0,Play,"Aug 10, 2017"
time-and-the-conways-514921,0,0,Play,"Oct 10, 2017"
war-paint-510889,3,0,Musical,2017
a-bronx-tale-the-musical-508538,1,0,Musical,2017
alton-brown-live-eat-your-science-510322,0,0,Special,"Nov 22, 2016"
american-psycho-503809,2,0,Musical,2016
an-act-of-god-499263,1,0,Play,2016
an-act-of-god-506458,0,0,Play,"Jun 06, 2016"
black-to-the-future-508588,0,0,Special,"Sep 12, 2016"
cirque-du-soleil-paramour-502326,0,0,Musical,"May 25, 2016"
dear-evan-hansen-508238,9,6,Musical,2017
disaster-503579,1,0,Musical,2016
eclipsed-503176,5,1,Play,2016
falsettos-4686,7,2,Musical,1992
falsettos-505384,4,0,Musical,2017
frankie-valli-and-the-four-seasons-on-broadway-493305,0,0,Special,"Oct 19, 2012"
frankie-valli-and-the-four-seasons-on-broadway-509191,0,0,Special,"Oct 21, 2016"
fully-committed-503772,2,1,Play,2016
heisenberg-504820,1,0,Play,2017
holiday-inn-the-new-irving-berlin-musical-503850,1,0,Musical,2017
in-transit-509159,0,0,Musical,"Dec 11, 2016"
les-liaisons-dangereuses-4469,7,0,Play,1987
les-liaisons-dangereuses-473780,5,1,Play,2008
les-liaisons-dangereuses-506985,0,0,Play,"Oct 30, 2016"
long-days-journey-into-night-4410,4,0,Play,1986
long-days-journey-into-night-13474,6,3,Play,2003
long-days-journey-into-night-501115,7,2,Play,2016
motown-the-musical-493342,4,0,Musical,2013
motown-the-musical-503905,0,0,Musical,"Jul 12, 2016"
natasha-pierre-the-great-comet-of-1812-506425,12,2,Musical,2017
oh-hello-on-broadway-508697,0,0,Play,"Oct 10, 2016"
shuffle-along-or-the-making-of-the-musical-sensation-of-1921-and-all-that-followed-499865,10,0,Musical,2016
the-cherry-orchard-4757,0,0,Play,"Oct 30, 1997"
the-cherry-orchard-503847,0,0,Play,"Oct 16, 2016"
the-crucible-4654,0,0,Play,"Dec 10, 1991"
the-crucible-13135,6,0,Play,2002
the-crucible-502500,4,0,Play,2016
the-encounter-508470,1,1,Play,2017
the-front-page-4432,2,0,Play,1987
the-front-page-508298,2,0,Play,2017
the-humans-503915,6,4,Play,2016
tuck-everlasting-501949,1,0,Musical,2016
airline-highway-497979,4,0,Play,2015
amazing-grace-500421,0,0,Musical,"Jul 16, 2015"
an-american-in-paris-497695,11,4,Musical,2015
dames-at-sea-501154,1,0,Musical,2016
doctor-zhivago-498431,0,0,Musical,"Apr 21, 2015"
fiddler-on-the-roof-13312,1,0,Musical,1982
fiddler-on-the-roof-4625,2,1,Musical,1991
fiddler-on-the-roof-13483,6,0,Musical,2004
fiddler-on-the-roof-501123,3,0,Musical,2016
finding-neverland-498337,2,0,Musical,2015
fish-in-the-dark-497971,0,0,Play,"Mar 05, 2015"
fool-for-love-498865,0,0,Play,"Oct 08, 2015"
fun-home-497807,10,5,Musical,2015
hand-to-god-498573,5,0,Play,2015
it-shoulda-been-you-498636,3,0,Musical,2015
king-charles-iii-500333,5,0,Play,2016
living-on-love-498988,0,0,Play,"Apr 20, 2015"
lord-of-the-dance-dangerous-games-502664,0,0,Special,"Nov 10, 2015"
misery-501289,1,0,Play,2016
noises-off-4244,4,0,Play,1984
noises-off-13061,2,1,Play,2002
noises-off-501117,4,0,Play,2016
old-times-500238,0,0,Play,"Oct 06, 2015"
on-the-twentieth-century-497108,5,0,Musical,2015
on-your-feet-497820,1,0,Musical,2016
our-mothers-brief-affair-500158,0,0,Play,"Jan 20, 2016"
penn-teller-on-broadway-500015,0,0,Special,"Jul 12, 2015"
school-of-rock-the-musical-498973,4,0,Musical,2016
skylight-4798,4,0,Play,1997
skylight-497982,7,1,Play,2015
something-rotten-498917,10,1,Musical,2015
spring-awakening-448811,11,8,Musical,2007
spring-awakening-501403,3,0,Musical,2016
the-audience-497830,3,2,Play,2015
the-color-purple-398535,10,1,Musical,2006
the-color-purple-499928,4,2,Musical,2016
the-gin-game-4745,3,0,Play,1997
the-gin-game-500650,0,0,Play,"Oct 14, 2015"
the-heidi-chronicles-4538,6,2,Play,1989
the-heidi-chronicles-498692,1,0,Play,2015
the-king-and-i-4357,3,1,Musical,1985
the-king-and-i-4673,8,4,Musical,1996
the-king-and-i-497593,9,4,Musical,2015
thrse-raquin-501120,1,0,Play,2016
a-delicate-balance-4676,6,3,Play,1996
a-delicate-balance-497118,0,0,Play,"Nov 20, 2014"
a-raisin-in-the-sun-13596,4,2,Play,2004
a-raisin-in-the-sun-495163,5,3,Play,2014
act-one-494913,5,1,Play,2014
beautiful-the-carole-king-musical-495178,7,2,Musical,2014
bronx-bombers-495539,0,0,Play,"Feb 06, 2014"
casa-valentina-495296,4,0,Play,2014
constellations-497494,1,0,Play,2015
disgraced-497477,1,0,Play,2015
hedwig-and-the-angry-inch-495294,8,4,Musical,2014
holler-if-ya-hear-me-496054,0,0,Musical,"Jun 19, 2014"
honeymoon-in-vegas-497532,5,0,Musical,2015
if-then-495051,2,0,Musical,2014
its-only-a-play-497345,1,0,Play,2015
les-misrables-4443,11,8,Musical,1987
les-misrables-413358,3,0,Musical,2007
les-misrables-494837,3,0,Musical,2014
machinal-494821,4,0,Play,2014
mothers-and-sons-495880,2,0,Play,2014
of-mice-and-men-495843,2,0,Play,2014
outside-mullingar-495057,1,0,Play,2014
side-show-4755,4,0,Musical,1998
side-show-497803,5,0,Musical,2015
the-bridges-of-madison-county-494897,4,2,Musical,2014
the-country-house-496692,0,0,Play,"Oct 02, 2014"
the-cripple-of-inishmaan-496113,6,0,Play,2014
the-elephant-man-3938,7,3,Play,1979
the-elephant-man-13289,2,0,Play,2002
the-elephant-man-497261,4,0,Play,2015
the-last-ship-496367,2,0,Musical,2015
the-realistic-joneses-496249,1,1,Play,2014
the-velocity-of-autumn-495917,1,0,Play,2014
this-is-our-youth-496960,1,0,Play,2015
you-cant-take-it-with-you-4215,1,0,Play,1983
you-cant-take-it-with-you-497263,5,1,Play,2015
700-sundays-383054,1,1,Play,2005
700-sundays-494801,0,0,Play,"Nov 13, 2013"
a-night-with-janis-joplin-494972,1,0,Musical,2014
a-time-to-kill-494965,0,0,Play,"Oct 20, 2013"
cat-on-a-hot-tin-roof-4556,3,1,Play,1990
cat-on-a-hot-tin-roof-13501,1,0,Play,2004
cat-on-a-hot-tin-roof-474986,0,0,Play,"Mar 06, 2008"
cat-on-a-hot-tin-roof-493492,0,0,Play,"Jan 17, 2013"
first-date-494334,1,1,Musical,2014
forever-tango-4753,1,0,Special,1998
forever-tango-382362,0,0,Special,"Jul 24, 2004"
forever-tango-494813,0,0,Special,"Jul 14, 2013"
hands-on-a-hardbody-493526,3,0,Musical,2013
ill-eat-you-last-a-chat-with-sue-mengers-494064,1,0,Play,2013
jekyll-hyde-4750,4,0,Musical,1997
jekyll-hyde-493330,0,0,Musical,"Apr 18, 2013"
kinky-boots-493287,13,6,Musical,2013
let-it-be-494772,0,0,Special,"Jul 24, 2013"
lucky-guy-493577,6,2,Play,2013
matilda-the-musical-493194,13,4,Musical,2013
no-mans-land-4594,1,0,Play,1994
no-mans-land-494759,2,0,Play,2014
rodgers-hammersteins-cinderella-493254,9,1,Musical,2013
romeo-and-juliet-494555,0,0,Play,"Sep 19, 2013"
soul-doctor-494827,0,0,Musical,"Aug 15, 2013"
the-assembled-parties-493256,3,1,Play,2013
the-big-knife-492798,1,0,Play,2013
the-nance-493671,5,3,Play,2013
the-other-place-493079,1,0,Play,2013
the-rascals-once-upon-a-dream-494144,0,0,Special,"Apr 16, 2013"
the-snow-geese-494616,0,0,Play,"Oct 24, 2013"
the-testament-of-mary-493968,3,0,Play,2013
the-trip-to-bountiful-493812,4,1,Play,2013
the-winslow-boy-495075,0,0,Play,"Oct 17, 2013"
twelfth-night-4732,5,0,Play,1999
twelfth-night-494842,6,2,Play,2014
vanya-and-sonia-and-masha-and-spike-494053,6,1,Play,2013
waiting-for-godot-481504,3,0,Play,2009
a-christmas-story-the-musical-493218,3,0,Musical,2013
a-streetcar-named-desire-4496,2,0,Play,1988
a-streetcar-named-desire-4677,1,0,Play,1992
a-streetcar-named-desire-381031,3,0,Play,2005
a-streetcar-named-desire-491729,1,0,Play,2012
an-enemy-of-the-people-492979,0,0,Play,"Sep 27, 2012"
bring-it-on-the-musical-492887,2,0,Musical,2013
chaplin-492870,1,0,Musical,2013
clybourne-park-491759,4,1,Play,2012
dead-accounts-493275,0,0,Play,"Nov 29, 2012"
dont-dress-for-dinner-491120,2,0,Play,2012
elf-488284,0,0,Musical,"Nov 14, 2010"
elf-493278,0,0,Musical,"Nov 09, 2012"
end-of-the-rainbow-491212,3,0,Play,2012
evita-3809,11,7,Musical,1980
evita-491036,3,0,Musical,2012
ghost-the-musical-490920,3,0,Musical,2012
glengarry-glen-ross-4458,4,1,Play,1984
glengarry-glen-ross-390715,5,2,Play,2005
glengarry-glen-ross-493046,0,0,Play,"Dec 08, 2012"
the-best-man-12551,1,0,Play,2001
the-best-man-491515,2,0,Play,2012
jesus-christ-superstar-12491,1,0,Musical,2000
jesus-christ-superstar-490940,2,0,Musical,2012
leap-of-faith-491632,1,0,Musical,2012
magic-bird-491567,0,0,Play,"Apr 11, 2012"
nice-work-if-you-can-get-it-491374,10,2,Musical,2012
one-man-two-guvnors-491201,7,1,Play,2012
peter-and-the-starcatcher-491597,9,5,Play,2012
shatners-world-we-just-live-in-it-491532,0,0,Special,"Feb 16, 2012"
the-anarchist-493248,0,0,Play,"Dec 02, 2012"
the-columnist-490405,1,0,Play,2012
porgy-and-bess-4861,2,0,Musical,1983
porgy-and-bess-490541,9,2,Musical,2012
the-heiress-4287,7,4,Play,1995
the-heiress-493115,2,0,Play,2013
the-mystery-of-edwin-drood-4386,9,5,Musical,1986
the-mystery-of-edwin-drood-493101,5,0,Musical,2013
the-performers-493214,0,0,Play,"Nov 14, 2012"
the-road-to-mecca-490641,1,0,Play,2012
mike-tyson-undisputed-truth-493055,0,0,Special,"Aug 02, 2012"
venus-in-fur-490533,2,1,Play,2012
an-evening-with-patti-lupone-and-mandy-patinkin-490614,0,0,Special,"Nov 21, 2011"
anything-goes-4483,10,3,Musical,1988
anything-goes-488371,9,3,Musical,2011
bengal-tiger-at-the-baghdad-zoo-489285,3,0,Play,2011
bonnie-and-clyde-490509,2,0,Musical,2012
born-yesterday-4529,1,0,Play,1989
born-yesterday-489630,2,0,Play,2011
chinglish-490700,3,0,Play,2012
ghetto-klown-489556,1,1,Play,2011
godspell-490436,0,0,Musical,"Nov 07, 2011"
good-people-488093,2,1,Play,2011
how-to-succeed-in-business-without-really-trying-4288,4,1,Musical,1995
how-to-succeed-in-business-without-really-trying-488364,8,1,Musical,2011
hugh-jackman-back-on-broadway-490814,0,0,Special,"Nov 10, 2011"
kathy-griffin-wants-a-tony-489723,0,0,Special,"Mar 11, 2011"
lysistrata-jones-490623,1,0,Musical,2012
man-and-boy-490386,1,0,Play,2012
master-class-4314,3,3,Play,1996
master-class-489512,1,0,Play,2012
on-a-clear-day-you-can-see-forever-490538,1,0,Musical,2012
other-desert-cities-490602,5,1,Play,2012
private-lives-4225,0,0,Play,"May 08, 1983"
private-lives-4663,0,0,Play,"Feb 20, 1992"
private-lives-13372,6,3,Play,2002
private-lives-490548,0,0,Play,"Nov 17, 2011"
relatively-speaking-490498,0,0,Play,"Oct 20, 2011"
seminar-490651,1,1,Play,2012
sister-act-488903,5,0,Musical,2011
stick-fly-490503,1,0,Play,2012
that-championship-season-489564,0,0,Play,"Mar 06, 2011"
the-book-of-mormon-488721,13,9,Musical,2011
the-house-of-blue-leaves-4411,8,4,Play,1986
the-house-of-blue-leaves-489428,1,0,Play,2011
the-importance-of-being-earnest-488272,3,1,Play,2011
the-mountaintop-490429,1,0,Play,2012
the-normal-heart-489853,5,3,Play,2011
the-people-in-the-picture-489215,1,0,Musical,2011
war-horse-488128,5,5,Play,2011
a-behanding-in-spokane-485319,1,0,Play,2010
a-free-man-of-color-487904,1,0,Play,2011
a-life-in-the-theatre-488279,0,0,Play,"Oct 12, 2010"
all-about-me-485454,1,0,Musical,2010
american-idiot-485578,3,2,Musical,2010
bloody-bloody-andrew-jackson-488478,2,0,Musical,2011
brief-encounter-488164,2,0,Play,2011
collected-stories-483662,1,0,Play,2010
come-fly-away-485560,2,0,Musical,2010
driving-miss-daisy-488275,1,0,Play,2011
enron-485537,4,0,Play,2010
everyday-rapture-487670,2,0,Musical,2010
fences-4446,5,4,Play,1987
fences-485594,10,3,Play,2010
la-bte-4629,5,0,Play,1991
la-bte-488113,2,0,Play,2011
la-cage-aux-folles-4231,9,6,Musical,1984
la-cage-aux-folles-383058,4,2,Musical,2005
la-cage-aux-folles-484929,11,3,Musical,2010
lend-me-a-tenor-4535,7,2,Play,1989
lend-me-a-tenor-485548,3,0,Play,2010
colin-quinn-long-story-short-488845,1,0,Play,2011
looped-485513,1,0,Play,2010
million-dollar-quartet-485499,3,1,Musical,2010
next-fall-485029,2,0,Play,2010
promises-promises-485290,4,1,Musical,2010
rain-488176,1,1,Musical,2011
sondheim-on-sondheim-485091,2,0,Musical,2010
the-addams-family-484632,2,0,Musical,2010
the-merchant-of-venice-4551,4,0,Play,1990
the-merchant-of-venice-488573,7,0,Play,2011
the-miracle-worker-485320,0,0,Play,"Mar 03, 2010"
the-pitmen-painters-488091,0,0,Play,"Sep 30, 2010"
the-scottsboro-boys-488110,11,0,Musical,2011
time-stands-still-484342,2,0,Play,2010
women-on-the-verge-of-a-nervous-breakdown-488085,2,0,Musical,2011
33-variations-482128,5,1,Play,2009
a-little-night-music-485016,4,1,Musical,2010
a-steady-rain-484365,0,0,Play,"Sep 29, 2009"
accent-on-youth-480514,0,0,Play,"Apr 29, 2009"
after-miss-julie-483133,0,0,Play,"Oct 22, 2009"
blithe-spirit-4447,1,0,Play,1987
blithe-spirit-482340,2,1,Play,2009
brighton-beach-memoirs-4212,4,2,Play,1983
brighton-beach-memoirs-484111,2,1,Play,2010
broadway-bound-4434,4,2,Play,1987
burn-the-floor-484014,0,0,Musical,"Aug 02, 2009"
bye-bye-birdie-483899,0,0,Musical,"Oct 15, 2009"
desire-under-the-elms-483543,2,0,Play,2009
exit-the-king-482525,4,1,Play,2009
finians-rainbow-484496,3,0,Musical,2010
god-of-carnage-482510,5,3,Play,2009
guys-and-dolls-4679,8,4,Musical,1992
guys-and-dolls-481459,2,0,Musical,2009
hedda-gabler-4267,0,0,Play,"Jul 10, 1994"
hedda-gabler-12937,1,0,Play,2002
hedda-gabler-480608,0,0,Play,"Jan 25, 2009"
impressionism-482092,0,0,Play,"Mar 24, 2009"
joe-turners-come-and-gone-4499,5,1,Play,1988
joe-turners-come-and-gone-482347,6,2,Play,2009
next-to-normal-483136,11,3,Musical,2009
oleanna-484336,0,0,Play,"Oct 11, 2009"
ragtime-4843,12,4,Musical,1998
ragtime-484345,6,0,Musical,2010
reasons-to-be-pretty-482214,3,0,Play,2009
rock-of-ages-482291,5,0,Musical,2009
soul-of-shaolin-481614,1,0,Special,2009
superior-donuts-484305,1,0,Play,2010
the-norman-conquests-living-together-483079,5,1,Play,2009
the-philanthropist-481454,0,0,Play,"Apr 26, 2009"
the-royal-family-483660,5,1,Play,2010
the-story-of-my-life-481923,4,0,Musical,2009
wishful-drinking-483888,1,0,Play,2010
title-of-show-478457,1,0,Musical,2009
a-catered-affair-466360,3,0,Musical,2008
a-man-for-all-seasons-479103,0,0,Play,"Oct 07, 2008"
a-tale-of-two-cities-478295,3,0,Musical,2009
billy-elliot-the-musical-475107,14,10,Musical,2009
cirque-dreams-478310,0,0,Musical,"Jun 26, 2008"
come-back-little-sheba-467373,1,0,Play,2008
dividing-the-estate-479746,2,0,Play,2009
equus-478547,2,1,Play,2009
glory-days-478270,0,0,Musical,"May 06, 2008"
in-the-heights-465745,13,4,Musical,2008
passing-strange-475091,7,1,Musical,2008
shrek-the-musical-477427,8,1,Musical,2009
the-39-steps-469215,6,2,Play,2008
the-country-girl-470352,2,0,Play,2008
the-little-mermaid-456222,2,0,Musical,2008
the-seagull-4698,0,0,Play,"Nov 29, 1992"
the-seagull-480037,1,0,Play,2009
thurgood-471162,1,0,Play,2008
to-be-or-not-to-be-478640,0,0,Play,"Oct 14, 2008"
top-girls-460191,1,0,Play,2008
110-in-the-shade-423558,5,0,Musical,2007
a-moon-for-the-misbegotten-4466,4,0,Play,1984
a-moon-for-the-misbegotten-12486,4,1,Play,2000
a-moon-for-the-misbegotten-453966,1,0,Play,2007
august-osage-county-467754,7,5,Play,2008
coram-boy-456224,5,0,Play,2007
curtains-453332,8,1,Musical,2007
cymbeline-461775,0,0,Play,"Dec 02, 2007"
deuce-452999,1,0,Play,2007
frost-nixon-453357,3,1,Play,2007
inherit-the-wind-4672,2,0,Play,1996
inherit-the-wind-452232,4,0,Play,2007
journeys-end-454928,6,1,Play,2007
legally-blonde-423552,7,0,Musical,2007
lovemusik-455498,4,0,Musical,2007
mauritius-462265,1,0,Play,2008
old-acquaintance-458197,0,0,Play,"Jun 28, 2007"
prelude-to-a-kiss-4564,2,0,Play,1990
prelude-to-a-kiss-455728,0,0,Play,"Mar 08, 2007"
radio-golf-456785,3,0,Play,2007
talk-radio-448819,2,0,Play,2007
the-farnsworth-invention-465456,1,1,Play,2008
the-homecoming-4648,1,1,Play,1992
the-homecoming-465255,3,0,Play,2008
the-pirate-queen-426183,1,0,Musical,2007
the-ritz-4223,0,0,Play,"May 02, 1983"
the-ritz-461300,0,0,Play,"Oct 11, 2007"
the-seafarer-462798,4,1,Play,2008
the-year-of-magical-thinking-448761,1,0,Play,2007
translations-4289,1,1,Play,1995
translations-446110,1,0,Play,2007
xanadu-457586,4,0,Musical,2008
a-chorus-line-3752,12,9,Musical,1976
a-chorus-line-402597,2,0,Musical,2007
barefoot-in-the-park-398479,0,0,Play,"Feb 16, 2006"
bridge-tunnel-408650,1,1,Play,2006
butley-428680,1,0,Play,2007
festen-402871,0,0,Play,"Apr 09, 2006"
grey-gardens-426592,10,3,Musical,2007
heartbreak-house-4243,6,0,Play,1984
heartbreak-house-438843,2,0,Play,2007
high-fidelity-446878,1,0,Musical,2007
hot-feet-413678,0,0,Musical,"Apr 30, 2006"
jay-johnson-the-two-and-only-408471,1,1,Special,2007
lestat-402876,2,0,Musical,2006
losing-louie-432540,0,0,Play,"Oct 12, 2006"
mary-poppins-408494,7,1,Musical,2007
rabbit-hole-398476,5,1,Play,2006
ring-of-fire-406669,0,0,Musical,"Mar 12, 2006"
shining-city-405825,2,0,Play,2006
the-apple-tree-450811,1,0,Musical,2007
the-best-little-whorehouse-in-texas-4066,7,2,Musical,1979
the-best-little-whorehouse-in-texas-4175,0,0,Musical,"May 31, 1982"
the-drowsy-chaperone-412775,13,5,Musical,2006
the-history-boys-400540,7,6,Play,2006
the-lieutenant-of-inishmore-414902,5,0,Play,2006
the-little-dog-laughed-421080,2,1,Play,2007
the-pajama-game-403179,9,2,Musical,2006
threepenny-opera-4252,1,0,Musical,1990
threepenny-opera-392567,2,0,Musical,2006
the-vertical-hour-442813,1,1,Play,2007
the-wedding-singer-402890,5,0,Musical,2006
three-days-of-rain-403589,2,0,Play,2006
a-naked-girl-on-the-appian-way-397636,0,0,Play,"Oct 06, 2005"
a-touch-of-the-poet-397702,1,0,Play,2006
absurd-person-singular-398474,0,0,Play,"Oct 18, 2005"
after-the-night-and-the-music-383009,0,0,Play,"Jun 01, 2005"
all-shook-up-383114,1,0,Musical,2005
brooklyn-boy-383006,1,0,Play,2005
chita-rivera-the-dancers-life-400387,1,0,Musical,2006
chitty-chitty-bang-bang-382080,5,0,Musical,2005
dirty-rotten-scoundrels-383315,11,1,Musical,2005
good-vibrations-388139,0,0,Musical,"Feb 02, 2005"
in-my-life-397825,0,0,Musical,"Oct 20, 2005"
jackie-mason-freshly-squeezed-392187,1,0,Special,2005
jersey-boys-394781,8,4,Musical,2006
julius-caesar-391569,0,0,Play,"Apr 03, 2005"
latinologues-401915,0,0,Play,"Oct 13, 2005"
lennon-392133,0,0,Musical,"Aug 14, 2005"
on-golden-pond-391510,2,0,Play,2005
primo-394730,1,1,Play,2006
seascape-402652,2,0,Play,2006
souvenir-401923,1,0,Play,2006
steel-magnolias-386798,1,0,Play,2005
the-25th-annual-putnam-county-spelling-bee-392859,6,2,Musical,2005
the-blonde-in-the-thunderbird-394734,0,0,Special,"Jul 17, 2005"
the-constant-wife-393019,3,0,Play,2006
the-light-in-the-piazza-390706,11,6,Musical,2005
the-odd-couple-4375,0,0,Play,"Jun 11, 1985"
the-odd-couple-394870,0,0,Play,"Oct 27, 2005"
the-pillowman-392093,6,2,Play,2005
the-woman-in-white-400390,1,0,Musical,2006
night-mother-4214,3,0,Play,1983
night-mother-382879,0,0,Play,"Nov 14, 2004"
after-the-fall-13593,1,0,Play,2005
assassins-13580,7,5,Musical,2004
bombay-dreams-13541,3,0,Musical,2004
drowning-crow-13507,0,0,Play,"Feb 19, 2004"
gem-of-the-ocean-386366,5,0,Play,2005
jumpers-13598,4,0,Play,2004
laugh-whore-384287,1,0,Special,2005
marc-salems-mind-games-on-broadway-381023,0,0,Special,"May 24, 2004"
pacific-overtures-383003,4,0,Musical,2005
prymate-377605,1,0,Play,2004
reckless-376882,1,0,Play,2005
sight-unseen-13506,1,0,Play,2005
sixteen-wounded-13595,1,0,Play,2004
sly-fox-13536,0,0,Play,"Apr 01, 2004"
the-good-body-388460,0,0,Special,"Nov 15, 2004"
the-rivals-390696,2,1,Play,2005
twelve-angry-men-382999,3,0,Play,2005
a-day-in-the-death-of-joe-egg-4365,4,2,Play,1985
a-day-in-the-death-of-joe-egg-13455,4,0,Play,2003
a-year-with-frog-and-toad-13478,3,0,Musical,2003
anna-in-the-tropics-13576,2,0,Play,2004
as-long-as-we-both-shall-laugh-13489,0,0,Special,"Apr 07, 2003"
avenue-q-13502,6,3,Musical,2004
big-river-4370,9,7,Musical,1985
big-river-13526,2,0,Musical,2004
bill-maher-victory-begins-at-home-13456,1,0,Special,2003
bobbi-boland-9499,0,0,Play,Never Officially Opened
goldas-balcony-13535,1,0,Play,2004
i-am-my-own-wife-13559,3,2,Play,2004
jackie-masons-laughing-room-only-13532,0,0,Musical,"Nov 19, 2003"
little-shop-of-horrors-13538,1,0,Musical,2004
ma-raineys-black-bottom-4346,3,0,Play,1985
ma-raineys-black-bottom-13462,1,0,Play,2003
never-gonna-dance-13518,2,0,Musical,2004
oldest-living-confederate-widow-tells-all-13522,0,0,Play,"Nov 17, 2003"
sexaholix-5653,1,0,Special,2002
sexaholix-13581,0,0,Special,"Nov 11, 2003"
six-dance-lessons-in-six-weeks-13521,0,0,Play,"Oct 29, 2003"
tartuffe-4794,0,0,Play,"May 30, 1996"
tartuffe-13308,2,0,Play,2003
the-boy-from-oz-13424,4,1,Musical,2004
the-caretaker-4397,0,0,Play,"Jan 30, 1986"
the-caretaker-13556,1,0,Play,2004
the-look-of-love-13403,0,0,Musical,"May 04, 2003"
the-play-what-i-wrote-3542,1,0,Special,2003
the-retreat-from-moscow-13527,3,0,Play,2004
the-violet-hour-13505,1,0,Play,2004
urban-cowboy-13479,2,0,Musical,2003
vincent-in-brixton-13480,2,0,Play,2003
wonderful-town-13560,5,1,Musical,2004
an-almost-holy-picture-13283,0,0,Play,"Feb 07, 2002"
bea-arthur-on-broadway-13298,1,0,Special,2002
celebrating-sondheim-13463,0,0,Special,"Dec 02, 2002"
dance-of-the-vampires-13164,0,0,Musical,"Dec 09, 2002"
dinner-at-eight-13435,4,0,Play,2003
elaine-stritch-at-liberty-13309,1,1,Special,2002
flower-drum-song-13310,3,0,Musical,2003
fortunes-fool-13288,3,2,Play,2002
frankie-and-johnny-in-the-clair-de-lune-13328,2,0,Play,2003
frankie-and-johnny-in-the-clair-de-lune-521362,2,0,Play,2020
hairspray-13371,13,8,Musical,2003
hollywood-arms-13416,1,1,Play,2003
im-not-rappaport-4384,3,3,Play,1986
im-not-rappaport-13369,0,0,Play,"Jul 25, 2002"
imaginary-friends-13421,1,0,Play,2003
man-of-la-mancha-4683,0,0,Musical,"Apr 24, 1992"
man-of-la-mancha-13422,3,0,Musical,2003
mornings-at-seven-3697,4,3,Play,1980
mornings-at-seven-13304,6,0,Play,2002
mostly-sondheim-13311,1,0,Special,2002
movin-out-13368,9,2,Musical,2003
one-mo-time-13302,0,0,Musical,"Mar 06, 2002"
our-town-4525,5,1,Play,1989
our-town-13438,1,0,Play,2003
prune-danish-13420,1,0,Special,2003
russell-simmons-def-poetry-jam-13436,1,1,Special,2003
say-goodnight-gracie-13425,1,0,Play,2003
sweet-smell-of-success-13278,7,1,Musical,2002
the-boys-from-syracuse-12918,0,0,Musical,"Aug 18, 2002"
the-goat-or-who-is-sylvia-13285,2,1,Play,2002
the-graduate-13279,0,0,Play,"Apr 04, 2002"
the-man-who-had-all-the-luck-12917,1,0,Play,2002
the-mystery-of-charles-dickens-13404,1,1,Play,2002
the-smell-of-the-kill-13333,0,0,Play,"Mar 26, 2002"
thoroughly-modern-millie-13138,11,6,Musical,2002
42nd-street-3963,8,2,Musical,1981
42nd-street-12864,8,2,Musical,2001
45-seconds-from-broadway-12916,0,0,Play,"Nov 11, 2001"
a-class-act-12818,5,0,Musical,2001
a-thousand-clowns-4795,0,0,Play,"Jul 14, 1996"
a-thousand-clowns-12872,0,0,Play,"Jul 11, 2001"
bells-are-ringing-12824,2,0,Musical,2001
blast-12839,2,1,Special,2001
by-jeeves-13272,1,1,Musical,2002
design-for-living-4340,1,0,Play,1985
design-for-living-12823,0,0,Play,"Mar 15, 2001"
dreamgirls-4152,13,6,Musical,1982
dreamgirls-4474,1,0,Musical,1988
george-gershwin-alone-12863,0,0,Play,"Apr 30, 2001"
judgment-at-nuremberg-12819,2,0,Play,2001
king-hedley-ii-12865,6,1,Play,2001
major-barbara-12874,1,0,Play,2002
mamma-mia-12925,5,0,Musical,2002
one-flew-over-the-cuckoos-nest-12825,2,1,Play,2001
qed-13181,0,0,Play,"Nov 18, 2001"
stones-in-his-pockets-12831,2,0,Play,2001
the-adventures-of-tom-sawyer-12838,2,0,Musical,2001
the-gathering-12840,0,0,Play,"Apr 24, 2001"
the-invention-of-love-12821,5,2,Play,2001
the-producers-12826,14,12,Musical,2001
thou-shalt-not-12881,2,0,Musical,2002
urinetown-12936,9,3,Musical,2002
contact-12487,7,4,Musical,2000
copenhagen-12519,3,3,Play,2000
dirty-blonde-12573,4,0,Play,2000
james-joyces-the-dead-12479,5,1,Musical,2000
riverdance--on-broadway-12489,0,0,Musical,"Mar 16, 2000"
seussical-12571,1,0,Musical,2001
squonk-12496,0,0,Special,"Feb 29, 2000"
taller-than-a-dwarf-12494,0,0,Play,"Apr 25, 2000"
the-dinner-party-12549,1,0,Play,2001
the-full-monty-12548,9,0,Musical,2001
the-green-bird-12493,2,0,Play,2000
the-man-who-came-to-dinner-3962,2,0,Play,1981
the-man-who-came-to-dinner-12512,1,0,Play,2001
the-rocky-horror-show-12547,4,0,Musical,2001
the-search-for-signs-of-intelligent-life-in-the-universe-4378,1,1,Play,1986
the-search-for-signs-of-intelligent-life-in-the-universe-12567,1,0,Play,2001
the-tale-of-the-allergists-wife-12550,3,0,Play,2001
the-wild-party-12484,7,0,Musical,2000
uncle-vanya-4285,0,0,Play,"Feb 23, 1995"
uncle-vanya-12488,2,0,Play,2000
wrong-mountain-12482,1,0,Play,2000
amadeus-4083,7,5,Play,1981
amadeus-10706,2,0,Play,2000
amys-view-7302,2,1,Play,1999
annie-get-your-gun-6287,3,2,Musical,1999
band-in-berlin-6734,0,0,Musical,"Mar 07, 1999"
dame-edna-the-royal-tour-9683,1,1,Special,2000
epic-proportions-9682,0,0,Play,"Sep 30, 1999"
it-aint-nothin-but-the-blues-8379,4,0,Musical,1999
kat-and-the-kings-11795,3,0,Musical,2000
marie-christine-9685,5,0,Musical,2000
minnelli-on-minnelli-12498,0,0,Special,"Dec 08, 1999"
much-ado-about-everything-10708,0,0,Special,"Dec 30, 1999"
night-must-fall-6732,1,0,Play,1999
not-about-nightingales-6483,6,1,Play,1999
putting-it-together-9688,1,0,Musical,2000
ring-round-the-moon-7298,2,0,Play,1999
saturday-night-fever-9684,0,0,Musical,"Oct 21, 1999"
tango-argentino-4380,3,0,Musical,1986
tango-argentino-12499,1,0,Musical,2000
the-civil-war-7295,2,0,Musical,1999
the-gershwins-fascinating-rhythm-7299,0,0,Musical,"Apr 25, 1999"
the-lion-in-winter-6733,1,0,Play,1999
the-lonesome-west-7303,4,0,Play,1999
the-rainmaker-9687,1,0,Play,2000
the-weir-7301,1,1,Play,1999
via-dolorosa-7296,1,1,Play,1999
voices-in-the-dark-11794,0,0,Play,"Aug 12, 1999"
waiting-in-the-wings-10707,2,0,Play,2000
youre-a-good-man-charlie-brown-5211,4,2,Musical,1999
a-moms-life-4879,1,0,Special,1990
ah-wilderness-4512,1,0,Play,1989
ah-wilderness-4870,2,0,Play,1998
an-evening-with-jerry-herman-4733,1,1,Musical,1999
fool-moon-4705,1,1,Special,1993
fool-moon-4311,0,0,Special,"Oct 29, 1995"
fool-moon-5703,1,1,Special,1999
getting-and-spending-4876,0,0,Play,"Oct 25, 1998"
golden-child-4864,3,0,Play,1998
high-society-4867,2,0,Musical,1998
jerry-seinfeld-live-on-broadway-4734,0,0,Play,"Aug 05, 1998"
mandy-patinkin-in-concert-mamaloshen-4878,0,0,Special,"Oct 13, 1998"
more-to-love-4874,0,0,Play,"Oct 15, 1998"
side-man-4731,2,2,Play,1999
swan-lake-4875,5,3,Musical,1999
the-beauty-queen-of-leenane-4725,6,4,Play,1998
the-blue-room-5700,1,1,Play,1999
the-capeman-5147,3,0,Musical,1998
the-deep-blue-sea-4862,0,0,Play,"Mar 26, 1998"
the-herbal-bed-4866,0,0,Play,"Apr 16, 1998"
the-judas-kiss-4869,0,0,Play,"Apr 29, 1998"
the-sound-of-music-4849,1,0,Musical,1998
wait-until-dark-4865,0,0,Play,"Apr 05, 1998"
an-american-daughter-4744,1,1,Play,1997
eugene-onegin-4730,0,0,Special,"Nov 19, 1997"
king-david-4728,0,0,Special,"May 18, 1997"
london-assurance-4752,3,0,Play,1997
men-are-from-mars-women-are-from-venus-5142,0,0,Special,"Jan 27, 1997"
play-on-4738,3,0,Musical,1997
steel-pier-4747,11,0,Musical,1997
street-corner-symphony-4762,0,0,Musical,"Nov 24, 1997"
the-diary-of-anne-frank-4764,2,0,Play,1998
the-last-night-of-ballyhoo-4736,3,1,Play,1997
the-lion-king-4761,11,6,Musical,1998
the-old-neighborhood-4844,1,0,Play,1998
the-sunshine-boys-4765,0,0,Play,"Dec 08, 1997"
the-three-sisters-4801,1,1,Play,1997
the-three-sisters-5144,1,0,Play,1997
the-young-man-from-atlanta-4741,3,0,Play,1997
titanic-4746,5,5,Musical,1997
a-funny-thing-happened-on-the-way-to-the-forum-4675,4,1,Musical,1996
a-midsummer-nights-dream-4272,2,0,Play,1996
an-ideal-husband-4793,3,0,Play,1996
bring-in-da-noise-bring-in-da-funk-4789,9,4,Musical,1996
buried-child-4792,5,0,Play,1996
bus-stop-4321,0,0,Play,"Feb 22, 1996"
david-copperfield-dreams-and-nightmares-5140,0,0,Special,"Dec 05, 1996"
getting-away-with-murder-4322,0,0,Play,"Mar 17, 1996"
its-a-slippery-slope-4803,0,0,Special,"Nov 10, 1996"
jack-a-night-on-the-town-with-john-barrymore-4717,0,0,Play,"Apr 24, 1996"
julia-sweeneys-god-said-ha-4806,1,0,Play,1997
love-thy-neighbor-4324,0,0,Special,"Mar 24, 1996"
once-upon-a-mattress-5141,1,0,Musical,1997
seven-guitars-4271,7,1,Play,1996
sex-and-longing-4799,1,1,Play,1997
state-fair-4270,2,0,Musical,1996
summer-and-smoke-4797,0,0,Play,"Sep 05, 1996"
taking-sides-4800,1,0,Play,1997
the-night-of-the-iguana-4513,0,0,Play,"Jun 26, 1988"
the-night-of-the-iguana-4323,0,0,Play,"Mar 21, 1996"
the-rehearsal-4807,3,0,Play,1997
a-month-in-the-country-4295,1,0,Play,1995
buttons-on-broadway-4301,0,0,Special,"Jun 08, 1995"
chronicle-of-a-death-foretold-4302,3,0,Musical,1996
danny-gans-on-broadway-the-man-of-many-voices-4315,0,0,Special,"Nov 08, 1995"
garden-district-4306,1,1,Play,1996
having-our-say-4293,3,0,Play,1995
indiscretions-4296,9,0,Play,1995
moon-over-buffalo-4304,2,0,Play,1996
my-thing-of-love-4300,0,0,Play,"May 03, 1995"
on-the-waterfront-4298,0,0,Play,"May 01, 1995"
patti-lupone-on-broadway-4307,0,0,Special,"Oct 12, 1995"
racing-demon-4317,1,0,Play,1996
rob-beckers-defending-the-caveman-4290,0,0,Special,"Mar 26, 1995"
sacrilege-4313,0,0,Play,"Nov 02, 1995"
smokey-joes-cafe-4286,5,0,Musical,1995
swinging-on-a-star-4309,1,0,Musical,1996
the-plays-the-thing-4303,0,0,Play,"Jul 09, 1995"
the-school-for-scandal-4316,1,1,Play,1996
the-tempest-4312,4,0,Play,1996
victor--victoria-4310,1,0,Musical,1996
a-little-more-magic-4596,0,0,Special,"Mar 17, 1994"
a-tuna-christmas-4280,1,0,Play,1995
an-inspector-calls-4605,5,4,Play,1994
broken-glass-4604,1,0,Play,1994
comedy-tonight-4281,0,0,Special,"Dec 18, 1994"
damn-yankees-4595,4,1,Musical,1994
grays-anatomy-4588,1,0,Special,1994
grays-anatomy-4729,0,0,Special,"Jun 05, 1994"
ian-mckellen-a-knight-out-at-the-lyceum-4611,0,0,Special,"Jun 22, 1994"
jackie-mason-politically-incorrect-4599,0,0,Special,"Apr 05, 1994"
philadelphia-here-i-come-4268,0,0,Play,"Sep 08, 1994"
show-boat-4219,3,0,Musical,1983
show-boat-4269,8,5,Musical,1995
the-best-little-whorehouse-goes-public-4609,1,0,Musical,1994
the-flowering-peach-4597,0,0,Play,"Mar 20, 1994"
the-flying-karamazov-brothers-do-the-impossible-4276,0,0,Special,"Nov 20, 1994"
the-inspector-general-4593,0,0,Play,"Jan 06, 1994"
the-rise-and-fall-of-little-voice-4607,0,0,Play,"May 01, 1994"
the-shadow-box-4277,1,0,Play,1995
twilight-los-angeles-1992-4601,2,0,Play,1994
whats-wrong-with-this-picture-4279,0,0,Play,"Dec 08, 1994"
a-grand-night-for-singing-4584,2,0,Musical,1994
abe-lincoln-in-illinois-4589,3,0,Play,1994
aint-broadway-grand-4713,1,0,Musical,1993
angels-in-america-millennium-approaches-4569,8,4,Play,1993
angels-in-america-millennium-approaches-515873,10,3,Play,2018
anna-christie-4702,5,1,Play,1993
any-given-day-4583,0,0,Play,"Nov 16, 1993"
blood-brothers-4716,6,0,Musical,1993
in-the-summer-house-4572,3,0,Play,1994
joseph-and-the-amazing-technicolor-dreamcoat-4158,7,0,Musical,1982
joseph-and-the-amazing-technicolor-dreamcoat-4581,0,0,Musical,"Nov 10, 1993"
kiss-of-the-spider-woman-4568,11,7,Musical,1993
laughter-on-the-23rd-floor-4586,0,0,Play,"Nov 22, 1993"
mixed-emotions-4575,0,0,Play,"Oct 12, 1993"
redwood-curtain-4710,3,1,Play,1993
shakespeare-for-my-father-4566,1,0,Play,1993
tango-pasion-4567,2,0,Musical,1993
the-boys-choir-of-harlem-and-friends-4703,0,0,Special,"Jan 19, 1993"
the-goodbye-girl-4706,5,0,Musical,1993
the-kentucky-cycle-4582,3,0,Play,1994
the-red-shoes-4591,2,0,Musical,1994
the-sisters-rosensweig-4707,5,1,Play,1993
the-song-of-jacob-zulu-4708,6,0,Play,1993
the-twilight-of-the-golds-4577,0,0,Play,"Oct 21, 1993"
the-whos-tommy-4715,10,5,Musical,1993
three-men-on-a-horse-4711,0,0,Play,"Apr 13, 1993"
timon-of-athens-4579,3,0,Play,1994
wilder-wilder-wilder-4714,1,0,Play,1993
wonderful-tennessee-4578,0,0,Play,"Oct 24, 1993"
3-from-brooklyn-4695,0,0,Special,"Nov 19, 1992"
a-little-hotel-on-the-side-4658,0,0,Play,"Jan 26, 1992"
a-small-family-business-4685,1,0,Play,1992
chinese-coffee-4689,0,0,Play,"Jun 24, 1992"
conversations-with-my-father-4669,3,1,Play,1992
crazy-for-you-4662,9,3,Musical,1992
crazy-he-calls-me-4659,0,0,Play,"Jan 27, 1992"
death-and-the-maiden-4665,1,1,Play,1992
five-guys-named-moe-4671,2,0,Musical,1992
four-baboons-adoring-the-sun-4666,4,0,Play,1992
gypsy-passion-4697,0,0,Musical,"Nov 17, 1992"
jakes-women-4668,1,0,Play,1992
jellys-last-jam-4684,11,3,Musical,1992
my-favorite-year-4699,3,1,Musical,1993
oba-oba-93-4693,0,0,Musical,"Oct 01, 1992"
salome-13498,0,0,Play,"Apr 30, 2003"
search-and-destroy-4664,1,0,Play,1992
shimada-4682,0,0,Play,"Apr 23, 1992"
solitary-confinement-4694,0,0,Play,"Nov 08, 1992"
someone-wholl-watch-over-me-4696,2,0,Play,1993
the-high-rollers-social-and-pleasure-club-4681,1,0,Musical,1992
the-master-builder-4667,0,0,Play,"Mar 19, 1992"
the-most-happy-fella-4661,4,1,Musical,1992
the-real-inspector-hound-and-the-fifteen-minute-hamlet-4691,0,0,Play,"Aug 13, 1992"
the-show-off-4851,0,0,Play,"Nov 05, 1992"
tommy-tune-tonite-4701,0,0,Special,"Dec 28, 1992"
two-shakespearean-actors-4656,5,0,Play,1992
two-trains-running-4678,4,1,Play,1992
andr-hellers-wonderhouse-4646,0,0,Musical,"Oct 20, 1991"
catskills-on-broadway-4652,0,0,Special,"Dec 05, 1991"
dancing-at-lughnasa-4647,7,3,Play,1992
getting-married-4644,0,0,Play,"Jun 26, 1991"
i-hate-hamlet-4638,1,0,Play,1991
lost-in-yonkers-4632,5,4,Play,1991
lucifers-child-4637,1,0,Play,1991
mule-bone-4630,1,1,Play,1991
nick-nora-4653,1,0,Musical,1992
on-borrowed-time-4645,1,0,Play,1992
our-countrys-good-4642,5,0,Play,1991
park-your-car-in-harvard-yard-4650,1,0,Play,1992
penn-teller-the-refrigerator-tour-4636,0,0,Special,"Apr 03, 1991"
taking-steps-4631,0,0,Play,"Feb 20, 1991"
the-big-love-4634,1,0,Play,1991
the-secret-garden-4640,7,3,Musical,1991
the-speed-of-darkness-4633,2,0,Play,1991
the-will-rogers-follies-4643,11,6,Musical,1991
a-change-in-the-heir-4563,0,0,Musical,"Apr 29, 1990"
accomplice-4562,1,1,Play,1990
aspects-of-love-4559,6,0,Musical,1990
jackie-mason-brand-new-4615,0,0,Special,"Oct 17, 1990"
lettice-and-lovage-4558,4,2,Play,1990
michael-feinstein-in-concert-piano-and-voice-4612,0,0,Special,"Oct 02, 1990"
miss-margaridas-way-4554,0,0,Play,"Feb 15, 1990"
oba-oba-90-4555,0,0,Musical,"Mar 15, 1990"
oh-kay-4618,2,0,Musical,1991
shadowlands-4623,2,1,Play,1991
shogun-the-musical-4624,2,0,Musical,1991
six-degrees-of-separation-4622,4,1,Play,1991
six-degrees-of-separation-511243,2,0,Play,2017
some-americans-abroad-4325,1,0,Play,1990
the-cemetery-club-4327,0,0,Play,"May 15, 1990"
the-grapes-of-wrath-4557,7,2,Play,1990
the-miser-4614,1,0,Play,1991
those-were-the-days-4621,2,0,Musical,1991
truly-blessed-4561,0,0,Musical,"Apr 22, 1990"
zoyas-apartment-4326,0,0,Play,"May 10, 1990"
a-few-good-men-4255,1,0,Play,1990
artist-descending-a-staircase-4258,2,0,Play,1990
black-and-blue-4528,9,3,Musical,1989
chu-chem-4539,0,0,Musical,"Apr 07, 1989"
city-of-angels-4261,11,6,Musical,1990
eastern-standard-4527,1,0,Play,1989
hizzoner-4532,0,0,Play,"Feb 23, 1989"
jerome-robbins-broadway-4533,9,6,Musical,1989
largely-new-york-4545,5,0,Play,1989
mandy-patinkin-in-concert-dress-casual-4546,1,0,Special,1990
mastergate-4246,1,1,Play,1990
metamorphosis-4536,2,0,Play,1989
orpheus-descending-4245,1,0,Play,1990
prince-of-central-park-4253,0,0,Musical,"Nov 09, 1989"
run-for-your-wife-4537,0,0,Play,"Mar 07, 1989"
shirley-valentine-4530,2,1,Play,1989
starmites-4543,5,0,Musical,1989
the-secret-rapture-4248,2,1,Play,1990
the-tenth-man-4260,0,0,Play,"Dec 10, 1989"
welcome-to-the-club-4540,2,0,Musical,1989
a-walk-in-the-woods-4495,2,0,Play,1988
aint-misbehavin-4058,5,3,Musical,1978
aint-misbehavin-12583,1,0,Musical,1989
canciones-de-mi-padre-4514,0,0,Musical,"Jul 12, 1988"
checkmates-4515,0,0,Play,"Aug 04, 1988"
jackie-masons-the-world-according-to-me-4436,1,1,Special,1987
jackie-masons-the-world-according-to-me-4506,0,0,Special,"May 02, 1988"
juno-and-the-paycock-4511,2,0,Play,1989
legs-diamond-4526,3,0,Musical,1989
rumors-4524,1,1,Play,1989
sarafina-4492,5,0,Musical,1988
serious-money-4493,1,0,Play,1988
spoils-of-war-4522,1,0,Play,1989
sweet-sue-4438,0,0,Play,"Jan 08, 1987"
the-devils-disciple-4523,0,0,Play,"Nov 13, 1988"
the-gospel-at-colonus-4498,1,0,Musical,1988
the-phantom-of-the-opera-4491,10,7,Musical,1988
a-month-of-sundays-4455,0,0,Play,"Apr 16, 1987"
asinamali-4467,1,0,Play,1987
barbara-cook-a-concert-for-the-theatre-4454,2,1,Special,1987
breaking-the-code-4488,3,0,Play,1988
coastal-disturbances-4442,3,0,Play,1987
death-and-the-kings-horseman-4441,0,0,Play,"Mar 01, 1987"
dont-get-god-started-4485,0,0,Musical,"Oct 29, 1987"
late-nite-comic-4482,0,0,Musical,"Oct 15, 1987"
mort-sahl-on-broadway-4478,0,0,Special,"Oct 11, 1987"
roza-4476,0,0,Musical,"Oct 01, 1987"
safe-sex-4450,0,0,Play,"Apr 05, 1987"
sleight-of-hand-4470,0,0,Play,"May 03, 1987"
stardust-4440,1,0,Musical,1987
starlight-express-4444,7,1,Musical,1987
the-comedy-of-errors-4471,0,0,Play,"May 31, 1987"
the-musical-comedy-murders-of-1940-4451,0,0,Play,"Apr 06, 1987"
the-nerd-4445,0,0,Play,"Mar 22, 1987"
the-regard-of-flight-4453,0,0,Special,"Apr 12, 1987"
a-little-like-magic-4429,0,0,Special,"Oct 26, 1986"
arsenic-and-old-lace-4415,0,0,Play,"Jun 26, 1986"
big-deal-4406,5,1,Musical,1986
corpse-4393,0,0,Play,"Jan 05, 1986"
execution-of-justice-4399,4,1,Play,1986
flamenco-puro-4426,0,0,Musical,"Oct 19, 1986"
honky-tonk-nights-4418,0,0,Musical,"Aug 07, 1986"
into-the-light-4428,0,0,Musical,"Oct 22, 1986"
jerome-kern-goes-to-hollywood-4395,1,0,Musical,1986
loot-4405,4,0,Play,1986
me-and-my-girl-4419,11,3,Musical,1987
mummenschanz-the-new-show-4413,0,0,Special,"Jun 17, 1986"
oh-coward-4431,2,0,Musical,1987
precious-sons-4401,1,0,Play,1986
raggedy-ann-4425,0,0,Musical,"Oct 16, 1986"
rags-4420,5,0,Musical,1987
rowan-atkinson-at-the-atkinson-4423,0,0,Special,"Oct 14, 1986"
so-long-on-lonely-street-4404,0,0,Play,"Apr 03, 1986"
social-security-4407,2,2,Play,1986
the-boys-in-autumn-4412,0,0,Play,"Apr 30, 1986"
the-life-and-adventures-of-nicholas-nickleby-4134,7,4,Play,1982
the-life-and-adventures-of-nicholas-nickleby-4421,1,0,Play,1987
the-petition-4408,2,0,Play,1986
wild-honey-4435,1,0,Play,1987
you-never-can-tell-4422,1,0,Play,1987
arent-we-all-4371,2,0,Play,1985
arms-and-the-man-4374,0,0,Play,"May 30, 1985"
as-is-4372,3,0,Play,1985
benefactors-4392,2,0,Play,1986
biloxi-blues-4366,3,3,Play,1985
blood-knot-4387,1,0,Play,1986
dancing-in-the-end-zone-4356,0,0,Play,"Jan 03, 1985"
harrigan-n-hart-4358,1,0,Musical,1985
hay-fever-4388,2,0,Play,1986
home-front-4355,0,0,Play,"Jan 02, 1985"
jerrys-girls-4389,1,0,Musical,1986
leader-of-the-pack-4367,1,0,Musical,1985
pack-of-lies-4359,1,0,Play,1985
requiem-for-a-heavyweight-4364,1,0,Play,1985
singin-in-the-rain-4376,2,0,Musical,1986
strange-interlude-4360,6,0,Play,1985
take-me-along-4368,1,0,Musical,1985
the-boys-of-winter-4385,1,0,Play,1986
the-loves-of-anatol-4363,1,0,Play,1985
the-octette-bridge-club-4362,3,0,Play,1985
wind-in-the-willows-4390,2,0,Musical,1986
a-woman-of-independent-means-4336,0,0,Play,"May 03, 1984"
accidental-death-of-an-anarchist-4352,1,0,Play,1985
alone-together-4349,0,0,Play,"Oct 21, 1984"
beethovens-tenth-4463,0,0,Play,"Apr 22, 1984"
end-of-the-world-4337,3,0,Play,1984
ian-mckellen-acting-shakespeare-4331,1,0,Play,1984
kipling-4345,1,0,Play,1985
much-ado-about-nothing-4347,7,1,Play,1985
oliver-4465,1,0,Musical,1984
open-admissions-4332,1,0,Play,1984
play-memory-4464,2,0,Play,1984
quilters-4344,5,0,Musical,1985
the-human-comedy-4460,1,0,Musical,1984
the-rink-4333,5,1,Musical,1984
whoopi-goldberg-4350,2,1,Play,1985
whoopi-goldberg-389129,1,0,Special,2005
alls-well-that-ends-well-4217,7,0,Play,1983
angels-fall-4203,2,0,Play,1983
dance-a-little-closer-4227,0,0,Musical,"May 11, 1983"
doonesbury-4240,4,0,Musical,1984
edmund-kean-4233,0,0,Play,"Sep 27, 1983"
marcel-marceau-on-broadway-4210,0,0,Special,"Mar 09, 1983"
merlin-4206,5,0,Musical,1983
moose-murders-4207,0,0,Play,"Feb 22, 1983"
my-one-and-only-4221,9,3,Musical,1983
on-your-toes-4208,5,2,Musical,1983
slab-boys-4209,0,0,Play,"Mar 07, 1983"
teaneck-tanzi-the-venus-flytrap-4218,0,0,Play,"Apr 20, 1983"
the-corn-is-green-4232,0,0,Play,"Aug 22, 1983"
the-guys-in-the-truck-4229,0,0,Play,"Jun 19, 1983"
the-man-who-had-three-arms-4216,0,0,Play,"Apr 05, 1983"
the-misanthrope-4204,2,1,Play,1983
the-tap-dance-kid-4329,7,2,Musical,1984
total-abandon-4220,0,0,Play,"Apr 28, 1983"
you-cant-take-it-with-you-4215,1,0,Play,1983
you-cant-take-it-with-you-497263,5,1,Play,2015
zorba-4234,1,1,Musical,1984
84-charing-cross-road-4194,0,0,Play,"Dec 07, 1982"
a-dolls-life-4183,3,0,Musical,1983
a-little-family-business-4198,0,0,Play,"Dec 15, 1982"
agnes-of-god-4166,2,1,Play,1982
almost-an-eagle-4199,0,0,Play,"Dec 16, 1982"
beyond-therapy-4173,1,0,Play,1983
blues-in-the-night-4860,1,0,Musical,1983
cleavage-4177,0,0,Musical,"Jun 23, 1982"
do-black-patent-leather-shoes-really-reflect-up-4174,0,0,Musical,"May 27, 1982"
eminent-domain-4165,0,0,Play,"Mar 28, 1982"
foxfire-4192,3,1,Play,1983
herman-van-veen-all-of-him-4195,0,0,Special,"Dec 08, 1982"
is-there-life-after-high-school-4171,1,1,Musical,1982
little-johnny-jones-4164,0,0,Musical,"Mar 21, 1982"
monday-after-the-miracle-4197,1,1,Play,1983
othello-4160,2,1,Play,1982
play-me-a-country-song-4178,0,0,Musical,"Jun 27, 1982"
pump-boys-and-dinettes-4161,1,0,Musical,1982
seven-brides-for-seven-brothers-4179,1,0,Musical,1983
solomons-child-4167,0,0,Play,"Apr 08, 1982"
steaming-4196,1,1,Play,1983
the-curse-of-an-aching-heart-4157,0,0,Play,"Jan 25, 1982"
the-queen-and-the-rebels-4185,1,0,Play,1983
the-wake-of-jamey-foster-4188,0,0,Play,"Oct 14, 1982"
torch-song-trilogy-4176,2,2,Play,1983
torch-song-trilogy-517943,2,0,Play,2019
whodunnit-4201,1,0,Play,1983
your-arms-too-short-to-box-with-god-3958,1,0,Musical,1981
your-arms-too-short-to-box-with-god-4182,1,0,Musical,1983
a-talent-for-murder-4133,0,0,Play,"Oct 01, 1981"
an-evening-with-dave-allen-4131,0,0,Special,"Sep 20, 1981"
bring-back-birdie-4100,1,0,Musical,1981
broadway-follies-4101,1,0,Musical,1981
crimes-of-the-heart-4138,3,0,Play,1982
duet-for-one-4151,0,0,Play,"Dec 17, 1981"
einstein-and-the-polar-bear-4137,0,0,Play,"Oct 29, 1981"
grown-ups-4149,2,0,Play,1982
i-wont-dance-4119,0,0,Play,"May 10, 1981"
inacent-black-4116,0,0,Play,"May 06, 1981"
it-had-to-be-you-4118,0,0,Play,"May 10, 1981"
kingdoms-4150,0,0,Play,"Dec 13, 1981"
lena-horne-the-lady-and-her-music-4120,1,1,Special,1981
lolita-4102,0,0,Play,"Mar 19, 1981"
mass-appeal-4142,2,0,Play,1982
ned-and-jack-4139,0,0,Play,"Nov 08, 1981"
scenes-and-revelations-4126,0,0,Play,"Jun 25, 1981"
sophisticated-ladies-4098,8,2,Musical,1981
the-dresser-4140,2,0,Play,1982
the-five-oclock-girl-4094,0,0,Musical,"Jan 28, 1981"
the-floating-light-bulb-4112,2,1,Play,1981
the-little-prince-and-the-aviator-4153,0,0,Musical,Never Officially Opened
the-moony-shapiro-songbook-4114,1,0,Musical,1981
the-supporting-cast-4127,0,0,Play,"Aug 06, 1981"
the-west-side-waltz-4147,1,0,Play,1982
to-grandmothers-house-we-go-4090,2,0,Play,1981
wallys-cafe-4123,0,0,Play,"Jun 12, 1981"
woman-of-the-year-4104,6,4,Musical,1981
a-lesson-from-aloes-4078,1,0,Play,1981
billy-bishop-goes-to-war-3957,0,0,Play,"May 29, 1980"
blackstone-3955,1,0,Special,1981
brigadoon-3971,3,0,Musical,1981
charlie-and-algernon-3965,1,0,Musical,1981
division-street-3969,0,0,Play,"Oct 08, 1980"
fifth-of-july-4072,5,1,Play,1981
i-ought-to-be-in-pictures-3696,1,1,Play,1980
its-so-nice-to-be-civilized-3959,0,0,Musical,"Jun 03, 1980"
john-gabriel-borkman-4084,0,0,Play,"Dec 18, 1980"
lunch-hour-4076,1,0,Play,1981
mixed-couples-4085,0,0,Play,"Dec 28, 1980"
one-night-stand-1058,0,0,Musical,Never Officially Opened
onward-victoria-4082,1,0,Musical,1981
passione-3966,0,0,Play,"Sep 23, 1980"
perfectly-frank-4081,1,0,Musical,1981
talleys-folly-3685,5,1,Play,1980
the-american-clock-4079,1,1,Play,1981
the-bacchae-3967,0,0,Play,"Oct 02, 1980"
the-philadelphia-story-4077,1,1,Play,1981
the-suicide-3970,1,0,Play,1981
tintypes-3973,3,0,Musical,1981
tricks-of-the-trade-4073,0,0,Play,"Nov 06, 1980"
romantic-comedy-3817,0,0,Play,"Nov 08, 1979"
sugar-babies-3812,8,0,Musical,1980
theyre-playing-our-song-3919,4,0,Musical,1979
a-dolls-house-4742,4,4,Play,1997
a-dolls-house-535893,6,0,Play,2023
back-to-the-future-the-musical-535440,0,0,Musical,"Aug 03, 2023"
gutenberg-the-musical-537495,0,0,Musical,"Oct 12, 2023"
harmony-537186,0,0,Musical,"Nov 13, 2023"
merrily-we-roll-along-4144,1,0,Musical,1982
merrily-we-roll-along-536675,0,0,Musical,"Oct 10, 2023"
parade-5704,9,2,Musical,1999
parade-536082,6,2,Musical,2023
purlie-victorious-537468,0,0,Play,"Sep 27, 2023"
sweeney-todd-3925,9,8,Musical,1979
sweeney-todd-4549,4,0,Musical,1990
sweeney-todd-400379,6,2,Musical,2006
sweeney-todd-535238,8,2,Musical,2023
the-cottage-536394,0,0,Play,"Jul 24, 2023"
a-christmas-carol-4655,1,1,Play,1992
a-christmas-carol-4700,0,0,Play,"Dec 17, 1992"
a-christmas-carol-4282,0,0,Play,"Dec 22, 1994"
a-christmas-carol-13301,0,0,Play,"Dec 24, 2001"
a-christmas-carol-523701,5,5,Play,2020
a-christmas-carol-535278,3,0,Play,2023
for-colored-girls-who-have-considered-suicide--when-the-rainbow-is-enuf-532941,7,0,Play,2022
macbeth-4092,0,0,Play,"Jan 22, 1981"
macbeth-4159,0,0,Play,"Jan 28, 1982"
macbeth-4503,1,0,Play,1988
macbeth-12570,0,0,Play,"Jun 15, 2000"
macbeth-478134,6,0,Play,2008
macbeth-494068,1,0,Play,2013
macbeth-494910,1,0,Play,2014
macbeth-532512,3,0,Play,2022
mr-saturday-night-532890,5,0,Musical,2022
mrs-doubtfire-524999,1,0,Musical,2022
mrs-doubtfire-534364,0,0,Musical,"Apr 19, 2022"
some-like-it-hot-534531,13,4,Musical,2023
the-little-prince-533150,0,0,Special,"Apr 11, 2022"
company-4305,2,0,Musical,1996
company-423555,3,1,Musical,2007
company-524001,9,5,Musical,2022
dana-h-532022,3,2,Play,2022
six-523485,8,2,Musical,2022
harry-connick-jr--a-celebration-of-cole-porter-524511,0,0,Special,"Dec 12, 2019"
ink-518582,6,2,Play,2019
slavas-snowshow-481495,1,0,Special,2009
slavas-snowshow-523929,0,0,Special,"Nov 13, 2019"
frozen-379664,4,1,Play,2004
frozen-515657,3,0,Musical,2018
head-over-heels-517717,1,1,Musical,2019
john-lithgow-stories-by-heart-515955,0,0,Play,"Jan 11, 2018"
king-kong-516830,4,1,Musical,2019
the-prom-518117,6,0,Musical,2019
torch-song-trilogy-4176,2,2,Play,1983
torch-song-trilogy-517943,2,0,Play,2019
anastasia-508711,2,0,Musical,2017
junk-513493,2,0,Play,2018
m-butterfly-4497,7,3,Play,1988
m-butterfly-515103,0,0,Play,"Oct 26, 2017"
sweat-512126,2,0,Play,2017
the-children-514184,2,0,Play,2018
the-price-4688,1,0,Play,1993
the-price-12481,1,0,Play,2000
the-price-507986,1,0,Play,2017
blackbird-502795,3,0,Play,2016
bright-star-503623,5,0,Musical,2016
cats-4186,10,7,Musical,1983
cats-504579,1,0,Musical,2017
hughie-4796,0,0,Play,"Aug 22, 1996"
hughie-503441,1,0,Play,2016
she-loves-me-4570,9,1,Musical,1994
she-loves-me-501744,8,1,Musical,2016
the-father-4106,0,0,Play,"Apr 02, 1981"
the-father-4320,1,1,Play,1996
the-father-502234,2,1,Play,2016
allegiance-499860,1,0,Musical,2016
china-doll-500236,0,0,Play,"Dec 04, 2015"
gigi-499196,1,0,Musical,2015
hamilton-499521,15,11,Musical,2016
sylvia-501241,0,0,Play,"Oct 27, 2015"
the-visit-4657,2,0,Play,1992
the-visit-499129,5,0,Musical,2015
aladdin-495244,5,1,Musical,2014
cabaret-4484,3,0,Musical,1988
cabaret-4848,10,4,Musical,1998
cabaret-495251,2,0,Musical,2014
love-letters-4249,1,0,Play,1990
love-letters-497779,0,0,Play,"Sep 18, 2014"
rocky-495233,4,1,Musical,2014
the-real-thing-4330,7,5,Play,1984
the-real-thing-12492,5,3,Play,2000
the-real-thing-495658,0,0,Play,"Oct 30, 2014"
the-river-497103,0,0,Play,"Nov 16, 2014"
violet-495831,4,0,Musical,2014
after-midnight-494959,7,1,Musical,2014
ann-493484,1,0,Play,2013
big-fish-493988,3,0,Musical,2014
breakfast-at-tiffanys-493872,0,0,Play,"Mar 20, 2013"
orphans-493860,2,0,Play,2013
picnic-4603,2,0,Play,1994
picnic-493612,0,0,Play,"Jan 13, 2013"
pippin-493954,10,4,Musical,2013
annie-3996,10,7,Musical,1977
annie-4740,1,0,Musical,1997
annie-492932,1,0,Musical,2013
cyrano-de-bergerac-467708,1,0,Play,2008
cyrano-de-bergerac-492996,1,0,Play,2013
fela-484350,11,3,Musical,2010
fela-493032,0,0,Musical,"Jul 12, 2012"
golden-boy-493270,7,0,Play,2013
grace-493112,0,0,Play,"Oct 04, 2012"
harvey-491285,0,0,Play,"Jun 14, 2012"
newsies-the-musical-491210,8,2,Musical,2012
once-491352,11,8,Musical,2012
scandalous-493183,1,0,Musical,2013
the-lyons-491879,1,0,Play,2012
wit-490594,2,0,Play,2012
arcadia-4291,3,0,Play,1995
arcadia-489559,2,0,Play,2011
baby-its-you-489611,1,0,Musical,2011
catch-me-if-you-can-488876,4,1,Musical,2011
follies-12822,5,0,Musical,2001
follies-490537,7,1,Musical,2012
hair-481766,8,1,Musical,2009
hair-490433,0,0,Musical,"Jul 13, 2011"
high-489598,0,0,Play,"Apr 19, 2011"
jerusalem-489533,6,1,Play,2011
wonderland-488710,0,0,Musical,"Apr 17, 2011"
elling-488693,0,0,Play,"Nov 21, 2010"
lombardi-487855,1,0,Play,2011
mrs-warrens-profession-488367,0,0,Play,"Oct 03, 2010"
red-486438,7,6,Play,2010
the-pee-wee-herman-show-488097,0,0,Play,"Nov 11, 2010"
hamlet-4670,0,0,Play,"Apr 02, 1992"
hamlet-4299,2,1,Play,1995
hamlet-484340,2,0,Play,2010
irenas-vow-482325,0,0,Play,"Mar 29, 2009"
irving-berlins-white-christmas-480731,2,0,Musical,2009
irving-berlins-white-christmas-484859,0,0,Musical,"Nov 22, 2009"
mary-stuart-481070,6,1,Play,2009
race-483898,1,0,Play,2010
the-american-plan-478645,0,0,Play,"Jan 22, 2009"
boeing-boeing-477454,6,2,Play,2008
cry-baby-476233,4,0,Musical,2008
gypsy-4256,5,2,Musical,1990
gypsy-13429,4,0,Musical,2003
gypsy-475256,7,3,Musical,2008
november-467154,1,0,Play,2008
south-pacific-463981,11,7,Musical,2008
a-bronx-tale-466700,0,0,Play,"Oct 25, 2007"
dr-seuss-how-the-grinch-stole-christmas-438379,1,0,Musical,2007
dr-seuss-how-the-grinch-stole-christmas-460652,0,0,Musical,"Nov 09, 2007"
grease-4610,3,0,Musical,1994
grease-458339,1,0,Musical,2008
is-he-dead-466223,1,0,Play,2008
pygmalion-4468,2,0,Play,1987
pygmalion-460438,0,0,Play,"Oct 18, 2007"
rock-n-roll-460599,4,0,Play,2008
awake-and-sing-4334,0,0,Play,"Mar 08, 1984"
awake-and-sing-407155,7,2,Play,2006
faith-healer-412515,4,1,Play,2006
martin-short-fame-becomes-me-404465,1,0,Musical,2007
tarzan-405840,1,0,Musical,2006
the-caine-mutiny-court-martial-4224,1,0,Play,1983
the-caine-mutiny-court-martial-395623,1,0,Play,2006
well-406665,2,0,Play,2006
doubt-392488,8,4,Play,2005
little-women-386281,1,0,Musical,2005
love-life-393642,0,0,Special,"May 01, 2005"
passion-4228,1,0,Play,1983
passion-4606,10,4,Musical,1994
sweet-charity-4409,5,4,Musical,1986
sweet-charity-378059,3,0,Musical,2005
barbara-cooks-broadway-13624,1,0,Special,2004
brooklyn-383057,0,0,Musical,"Oct 21, 2004"
dame-edna-back-with-a-vengeance-384260,1,0,Special,2005
democracy-383002,1,0,Play,2005
match-9648,1,0,Play,2004
the-frogs-13591,0,0,Musical,"Jul 22, 2004"
twentieth-century-12294,2,0,Play,2004
whoopi-goldberg-4350,2,1,Play,1985
whoopi-goldberg-389129,1,0,Special,2005
chess-4504,2,0,Musical,1988
enchanted-april-13487,2,0,Play,2003
henry-iv-13517,6,2,Play,2004
life-x-3-13491,1,0,Play,2003
nine-4172,11,5,Musical,1982
nine-13305,7,2,Musical,2003
taboo-13492,4,0,Musical,2004
wicked-13485,10,3,Musical,2004
amour-13406,5,0,Musical,2003
medea-4168,6,1,Play,1982
medea-4600,3,1,Play,1994
medea-13461,2,0,Play,2003
metamorphoses-13324,3,1,Play,2002
topdog--underdog-13325,2,0,Play,2002
topdog--underdog-534859,2,1,Play,2023
if-you-ever-leave-meim-going-with-you-12910,0,0,Play,"Aug 06, 2001"
mandy-patinkin-in-concert-4737,0,0,Special,"Mar 01, 1997"
the-women-12906,3,1,Play,2002
aida-12485,5,4,Musical,2000
jane-eyre-12568,5,0,Musical,2001
porgy-and-bess-4861,2,0,Musical,1983
porgy-and-bess-490541,9,2,Musical,2012
proof-12546,5,3,Play,2001
rose-4103,2,0,Play,1981
rose-12572,1,0,Play,2000
the-ride-down-mt-morgan-12490,2,0,Play,2000
closer-7294,1,0,Play,1999
fosse-5798,7,3,Musical,1999
marlene-7297,2,0,Musical,1999
morning-noon-and-night-12577,1,0,Special,2000
peter-pan-3807,2,0,Musical,1980
peter-pan-12558,2,0,Musical,1991
peter-pan-12564,0,0,Musical,"Nov 26, 1991"
peter-pan-12557,0,0,Musical,"Nov 23, 1998"
swing-10705,5,0,Musical,2000
the-scarlet-pimpernel-12566,3,0,Musical,1998
art-4847,3,1,Play,1998
aznavour-13053,0,0,Special,"Mar 14, 1983"
aznavour-4882,0,0,Special,"Oct 21, 1998"
colin-quinn--an-irish-wake-4735,0,0,Play,"Aug 27, 1998"
electra-5701,3,0,Play,1999
footloose-4877,4,0,Musical,1999
freak-4846,2,0,Play,1998
honour-4868,2,0,Play,1998
im-still-heredamn-it-4881,0,0,Play,"Nov 05, 1998"
little-me-4156,3,0,Musical,1982
little-me-4871,4,1,Musical,1999
on-the-town-5148,1,0,Musical,1999
on-the-town-497107,4,0,Musical,2015
the-chairs-4863,6,0,Play,1998
a-view-from-the-bridge-4205,2,0,Play,1983
a-view-from-the-bridge-5146,4,2,Play,1998
a-view-from-the-bridge-485294,6,1,Play,2010
a-view-from-the-bridge-501195,5,2,Play,2016
barrymore-4739,1,1,Play,1997
candide-4751,4,1,Musical,1997
dream-4743,1,0,Musical,1997
ivanov-4763,1,0,Play,1998
jackie-4760,1,0,Play,1998
proposals-4758,0,0,Play,"Nov 06, 1997"
stanley-5145,3,0,Play,1997
the-life-4748,12,2,Musical,1997
triumph-of-love-4756,1,0,Musical,1998
big-4790,5,0,Musical,1996
chicago-4804,8,6,Musical,1997
rent-4791,10,4,Musical,1996
the-apple-doesnt-fall-4674,0,0,Play,"Apr 14, 1996"
gentlemen-prefer-blondes-4294,0,0,Musical,"Apr 10, 1995"
holiday-4318,1,0,Play,1996
love-valour-compassion-4284,4,2,Play,1995
paul-robeson-4518,0,0,Play,"Sep 28, 1988"
paul-robeson-4319,0,0,Play,"Dec 20, 1995"
the-molire-comedies-12594,3,0,Play,1995
beauty-and-the-beast-4602,9,1,Musical,1994
sally-marrand-her-escorts-4608,1,0,Play,1994
white-liars-black-comedy-4573,1,0,Play,1994
white-liars-black-comedy-4573,1,0,Play,1994
candida-4135,0,0,Play,"Oct 15, 1981"
candida-4709,1,0,Play,1993
cyrano--the-musical-4585,4,0,Musical,1994
anna-karenina-4692,4,0,Musical,1993
metro-4680,1,0,Musical,1992
moscow-circus--cirk-valentin-4649,0,0,Special,"Nov 06, 1991"
buddy-4619,1,0,Musical,1991
stand-up-tragedy-4613,1,0,Play,1991
cafe-crown-4531,2,1,Play,1989
dangerous-games-4247,1,0,Musical,1990
ghetto-4544,1,0,Play,1989
grand-hotel-4254,12,5,Musical,1990
meet-me-in-st-louis-4251,4,0,Musical,1990
shenandoah-4547,0,0,Musical,"Aug 08, 1989"
the-circle-4257,1,0,Play,1990
tru-4550,1,1,Play,1990
carrie-4508,1,1,Musical,1988
mail-4501,1,0,Musical,1988
michael-feinstein-in-concert-4502,0,0,Special,"Apr 19, 1988"
oba-oba-4500,0,0,Musical,"Mar 29, 1988"
romance--romance-4505,5,0,Musical,1988
speed-the-plow-4507,3,1,Play,1988
speed-the-plow-480735,1,0,Play,2009
broadway-4473,0,0,Play,"Jun 25, 1987"
stepping-out-4439,1,0,Play,1987
the-mikado-4449,2,0,Musical,1987
lillian-4394,0,0,Play,"Jan 16, 1986"
smile-4433,1,0,Musical,1987
uptownits-hot-4396,1,0,Musical,1986
doubles-4373,0,0,Play,"May 08, 1985"
grind-4369,7,2,Musical,1985
a-day-in-the-death-of-joe-egg-4365,4,2,Play,1985
a-day-in-the-death-of-joe-egg-13455,4,0,Play,2003
song-and-dance-4377,8,1,Musical,1986
the-marriage-of-figaro-4381,2,0,Play,1986
the-news-4383,1,0,Musical,1986
hurlyburly-4342,4,1,Play,1985
the-babe-4338,0,0,Play,"May 17, 1984"
the-golden-age-4461,2,0,Play,1984
the-three-musketeers-4351,1,0,Musical,1985
the-wiz-4339,0,0,Musical,"May 24, 1984"
amen-corner-4237,1,0,Musical,1984
baby-4242,7,0,Musical,1984
brothers-4236,0,0,Play,"Nov 09, 1983"
mame-4230,0,0,Musical,"Jul 24, 1983"
marilyn-4239,1,0,Musical,1984
peg-4265,0,0,Musical,"Dec 14, 1983"
the-flying-karamazov-brothers-4226,0,0,Special,"May 10, 1983"
alice-in-wonderland-4200,1,0,Play,1983
ghosts-4181,0,0,Play,"Aug 30, 1982"
good-4187,0,0,Play,"Oct 13, 1982"
can-can-4113,3,0,Musical,1981
copperfield-4109,1,0,Musical,1981
fools-4107,1,0,Play,1981
frankenstein-4087,2,1,Play,1981
oh-brother-4141,0,0,Musical,"Nov 10, 1981"
st-marks-gospel-4121,0,0,Play,"May 13, 1981"
the-first-4145,3,0,Musical,1982
the-pirates-of-penzance-4088,7,3,Musical,1981
the-survivor-4099,0,0,Play,"Mar 03, 1981"
a-day-in-hollywood--a-night-in-the-ukraine-3950,9,2,Musical,1980
a-life-4071,4,0,Play,1981
a-life-522289,3,0,Play,2020
barnum-3949,10,3,Musical,1980
home-3953,2,0,Play,1980
nuts-3948,1,0,Play,1980
bent-3823,2,0,Play,1980
